receptor,ligand,name,pk,predicted_pK,true_pK,error,absolute_error
/xcfhome/zncao02/dataset_bap/test_set/pdbbind/casf_dynaformer/3coz/protein.pdb,/xcfhome/zncao02/dataset_bap/test_set/pdbbind/casf_dynaformer/3coz/ligand.sdf,3coz,5.57,-16.198086,5.57,-21.768085,21.768085
/xcfhome/zncao02/dataset_bap/test_set/pdbbind/casf_dynaformer/1nc1/protein.pdb,/xcfhome/zncao02/dataset_bap/test_set/pdbbind/casf_dynaformer/1nc1/ligand.sdf,1nc1,6.12,-17.051512,6.12,-23.171513,23.171513
/xcfhome/zncao02/dataset_bap/test_set/pdbbind/casf_dynaformer/4cr9/protein.pdb,/xcfhome/zncao02/dataset_bap/test_set/pdbbind/casf_dynaformer/4cr9/ligand.sdf,4cr9,4.1,-2.2938848,4.1,-6.3938847,6.3938847
/xcfhome/zncao02/dataset_bap/test_set/pdbbind/casf_dynaformer/2qnq/protein.pdb,/xcfhome/zncao02/dataset_bap/test_set/pdbbind/casf_dynaformer/2qnq/ligand.sdf,2qnq,6.11,-28.537054,6.11,-34.647053,34.647053
/xcfhome/zncao02/dataset_bap/test_set/pdbbind/casf_dynaformer/1nvq/protein.pdb,/xcfhome/zncao02/dataset_bap/test_set/pdbbind/casf_dynaformer/1nvq/ligand.sdf,1nvq,8.25,-28.252657,8.25,-36.502655,36.502655
/xcfhome/zncao02/dataset_bap/test_set/pdbbind/casf_dynaformer/1gpk/protein.pdb,/xcfhome/zncao02/dataset_bap/test_set/pdbbind/casf_dynaformer/1gpk/ligand.sdf,1gpk,5.37,0.5807767,5.37,-4.789223,4.789223
/xcfhome/zncao02/dataset_bap/test_set/pdbbind/casf_dynaformer/3o9i/protein.pdb,/xcfhome/zncao02/dataset_bap/test_set/pdbbind/casf_dynaformer/3o9i/ligand.sdf,3o9i,11.82,-10.370934,11.82,-22.190933,22.190933
/xcfhome/zncao02/dataset_bap/test_set/pdbbind/casf_dynaformer/3ejr/protein.pdb,/xcfhome/zncao02/dataset_bap/test_set/pdbbind/casf_dynaformer/3ejr/ligand.sdf,3ejr,8.57,10.36644,8.57,1.7964401,1.7964401
/xcfhome/zncao02/dataset_bap/test_set/pdbbind/casf_dynaformer/4m0y/protein.pdb,/xcfhome/zncao02/dataset_bap/test_set/pdbbind/casf_dynaformer/4m0y/ligand.sdf,4m0y,6.46,-20.334429,6.46,-26.79443,26.79443
/xcfhome/zncao02/dataset_bap/test_set/pdbbind/casf_dynaformer/3twp/protein.pdb,/xcfhome/zncao02/dataset_bap/test_set/pdbbind/casf_dynaformer/3twp/ligand.sdf,3twp,3.92,0.2901769,3.92,-3.6298232,3.6298232
/xcfhome/zncao02/dataset_bap/test_set/pdbbind/casf_dynaformer/2wer/protein.pdb,/xcfhome/zncao02/dataset_bap/test_set/pdbbind/casf_dynaformer/2wer/ligand.sdf,2wer,7.05,-8.616549,7.05,-15.666549,15.666549
/xcfhome/zncao02/dataset_bap/test_set/pdbbind/casf_dynaformer/1mq6/protein.pdb,/xcfhome/zncao02/dataset_bap/test_set/pdbbind/casf_dynaformer/1mq6/ligand.sdf,1mq6,11.15,-9.559822,11.15,-20.709822,20.709822
/xcfhome/zncao02/dataset_bap/test_set/pdbbind/casf_dynaformer/3wtj/protein.pdb,/xcfhome/zncao02/dataset_bap/test_set/pdbbind/casf_dynaformer/3wtj/ligand.sdf,3wtj,6.53,-4.3767023,6.53,-10.906702,10.906702
/xcfhome/zncao02/dataset_bap/test_set/pdbbind/casf_dynaformer/4ih7/protein.pdb,/xcfhome/zncao02/dataset_bap/test_set/pdbbind/casf_dynaformer/4ih7/ligand.sdf,4ih7,5.24,-0.55418396,5.24,-5.7941837,5.7941837
/xcfhome/zncao02/dataset_bap/test_set/pdbbind/casf_dynaformer/4agn/protein.pdb,/xcfhome/zncao02/dataset_bap/test_set/pdbbind/casf_dynaformer/4agn/ligand.sdf,4agn,3.97,-11.658103,3.97,-15.628103,15.628103
/xcfhome/zncao02/dataset_bap/test_set/pdbbind/casf_dynaformer/3g0w/protein.pdb,/xcfhome/zncao02/dataset_bap/test_set/pdbbind/casf_dynaformer/3g0w/ligand.sdf,3g0w,9.52,-10.154296,9.52,-19.674297,19.674297
/xcfhome/zncao02/dataset_bap/test_set/pdbbind/casf_dynaformer/4f3c/protein.pdb,/xcfhome/zncao02/dataset_bap/test_set/pdbbind/casf_dynaformer/4f3c/ligand.sdf,4f3c,11.82,-15.9623575,11.82,-27.782356,27.782356
/xcfhome/zncao02/dataset_bap/test_set/pdbbind/casf_dynaformer/3e92/protein.pdb,/xcfhome/zncao02/dataset_bap/test_set/pdbbind/casf_dynaformer/3e92/ligand.sdf,3e92,8.0,-20.622877,8.0,-28.622877,28.622877
/xcfhome/zncao02/dataset_bap/test_set/pdbbind/casf_dynaformer/2v7a/protein.pdb,/xcfhome/zncao02/dataset_bap/test_set/pdbbind/casf_dynaformer/2v7a/ligand.sdf,2v7a,8.3,-27.340302,8.3,-35.6403,35.6403
/xcfhome/zncao02/dataset_bap/test_set/pdbbind/casf_dynaformer/1k1i/protein.pdb,/xcfhome/zncao02/dataset_bap/test_set/pdbbind/casf_dynaformer/1k1i/ligand.sdf,1k1i,6.58,-5.9524384,6.58,-12.532438,12.532438
/xcfhome/zncao02/dataset_bap/test_set/pdbbind/casf_dynaformer/1r5y/protein.pdb,/xcfhome/zncao02/dataset_bap/test_set/pdbbind/casf_dynaformer/1r5y/ligand.sdf,1r5y,6.46,-8.634478,6.46,-15.094478,15.094478
/xcfhome/zncao02/dataset_bap/test_set/pdbbind/casf_dynaformer/4u4s/protein.pdb,/xcfhome/zncao02/dataset_bap/test_set/pdbbind/casf_dynaformer/4u4s/ligand.sdf,4u4s,2.92,-13.13851,2.92,-16.05851,16.05851
/xcfhome/zncao02/dataset_bap/test_set/pdbbind/casf_dynaformer/3up2/protein.pdb,/xcfhome/zncao02/dataset_bap/test_set/pdbbind/casf_dynaformer/3up2/ligand.sdf,3up2,7.4,-15.473015,7.4,-22.873014,22.873014
/xcfhome/zncao02/dataset_bap/test_set/pdbbind/casf_dynaformer/1bzc/protein.pdb,/xcfhome/zncao02/dataset_bap/test_set/pdbbind/casf_dynaformer/1bzc/ligand.sdf,1bzc,4.92,-2.4740822,4.92,-7.394082,7.394082
/xcfhome/zncao02/dataset_bap/test_set/pdbbind/casf_dynaformer/2qbr/protein.pdb,/xcfhome/zncao02/dataset_bap/test_set/pdbbind/casf_dynaformer/2qbr/ligand.sdf,2qbr,6.33,-1.0865973,6.33,-7.4165974,7.4165974
/xcfhome/zncao02/dataset_bap/test_set/pdbbind/casf_dynaformer/2x00/protein.pdb,/xcfhome/zncao02/dataset_bap/test_set/pdbbind/casf_dynaformer/2x00/ligand.sdf,2x00,11.33,9.416597,11.33,-1.9134026,1.9134026
/xcfhome/zncao02/dataset_bap/test_set/pdbbind/casf_dynaformer/4f2w/protein.pdb,/xcfhome/zncao02/dataset_bap/test_set/pdbbind/casf_dynaformer/4f2w/ligand.sdf,4f2w,11.3,-16.857622,11.3,-28.157623,28.157623
/xcfhome/zncao02/dataset_bap/test_set/pdbbind/casf_dynaformer/4twp/protein.pdb,/xcfhome/zncao02/dataset_bap/test_set/pdbbind/casf_dynaformer/4twp/ligand.sdf,4twp,10.0,-30.916729,10.0,-40.91673,40.91673
/xcfhome/zncao02/dataset_bap/test_set/pdbbind/casf_dynaformer/3nw9/protein.pdb,/xcfhome/zncao02/dataset_bap/test_set/pdbbind/casf_dynaformer/3nw9/ligand.sdf,3nw9,9.0,-24.127716,9.0,-33.127716,33.127716
/xcfhome/zncao02/dataset_bap/test_set/pdbbind/casf_dynaformer/2j7h/protein.pdb,/xcfhome/zncao02/dataset_bap/test_set/pdbbind/casf_dynaformer/2j7h/ligand.sdf,2j7h,7.19,9.372036,7.19,2.182036,2.182036
/xcfhome/zncao02/dataset_bap/test_set/pdbbind/casf_dynaformer/2al5/protein.pdb,/xcfhome/zncao02/dataset_bap/test_set/pdbbind/casf_dynaformer/2al5/ligand.sdf,2al5,8.4,-4.031314,8.4,-12.4313135,12.4313135
/xcfhome/zncao02/dataset_bap/test_set/pdbbind/casf_dynaformer/4f9w/protein.pdb,/xcfhome/zncao02/dataset_bap/test_set/pdbbind/casf_dynaformer/4f9w/ligand.sdf,4f9w,6.94,-40.99807,6.94,-47.93807,47.93807
/xcfhome/zncao02/dataset_bap/test_set/pdbbind/casf_dynaformer/2fxs/protein.pdb,/xcfhome/zncao02/dataset_bap/test_set/pdbbind/casf_dynaformer/2fxs/ligand.sdf,2fxs,6.06,-9.657211,6.06,-15.717211,15.717211
/xcfhome/zncao02/dataset_bap/test_set/pdbbind/casf_dynaformer/2j78/protein.pdb,/xcfhome/zncao02/dataset_bap/test_set/pdbbind/casf_dynaformer/2j78/ligand.sdf,2j78,6.42,7.898021,6.42,1.4780211,1.4780211
/xcfhome/zncao02/dataset_bap/test_set/pdbbind/casf_dynaformer/3k5v/protein.pdb,/xcfhome/zncao02/dataset_bap/test_set/pdbbind/casf_dynaformer/3k5v/ligand.sdf,3k5v,6.3,-29.987799,6.3,-36.2878,36.2878
/xcfhome/zncao02/dataset_bap/test_set/pdbbind/casf_dynaformer/3zsx/protein.pdb,/xcfhome/zncao02/dataset_bap/test_set/pdbbind/casf_dynaformer/3zsx/ligand.sdf,3zsx,3.28,-1.3592715,3.28,-4.6392717,4.6392717
/xcfhome/zncao02/dataset_bap/test_set/pdbbind/casf_dynaformer/1s38/protein.pdb,/xcfhome/zncao02/dataset_bap/test_set/pdbbind/casf_dynaformer/1s38/ligand.sdf,1s38,5.15,-6.353076,5.15,-11.503077,11.503077
/xcfhome/zncao02/dataset_bap/test_set/pdbbind/casf_dynaformer/4lzs/protein.pdb,/xcfhome/zncao02/dataset_bap/test_set/pdbbind/casf_dynaformer/4lzs/ligand.sdf,4lzs,4.8,-7.2539663,4.8,-12.0539665,12.0539665
/xcfhome/zncao02/dataset_bap/test_set/pdbbind/casf_dynaformer/1ps3/protein.pdb,/xcfhome/zncao02/dataset_bap/test_set/pdbbind/casf_dynaformer/1ps3/ligand.sdf,1ps3,2.28,10.070663,2.28,7.7906637,7.7906637
/xcfhome/zncao02/dataset_bap/test_set/pdbbind/casf_dynaformer/1a30/protein.pdb,/xcfhome/zncao02/dataset_bap/test_set/pdbbind/casf_dynaformer/1a30/ligand.sdf,1a30,4.3,-5.3333154,4.3,-9.633316,9.633316
/xcfhome/zncao02/dataset_bap/test_set/pdbbind/casf_dynaformer/1qf1/protein.pdb,/xcfhome/zncao02/dataset_bap/test_set/pdbbind/casf_dynaformer/1qf1/ligand.sdf,1qf1,7.32,-12.869114,7.32,-20.189114,20.189114
/xcfhome/zncao02/dataset_bap/test_set/pdbbind/casf_dynaformer/1lpg/protein.pdb,/xcfhome/zncao02/dataset_bap/test_set/pdbbind/casf_dynaformer/1lpg/ligand.sdf,1lpg,7.09,-5.225876,7.09,-12.315876,12.315876
/xcfhome/zncao02/dataset_bap/test_set/pdbbind/casf_dynaformer/2wn9/protein.pdb,/xcfhome/zncao02/dataset_bap/test_set/pdbbind/casf_dynaformer/2wn9/ligand.sdf,2wn9,8.52,-4.6384916,8.52,-13.158492,13.158492
/xcfhome/zncao02/dataset_bap/test_set/pdbbind/casf_dynaformer/3ryj/protein.pdb,/xcfhome/zncao02/dataset_bap/test_set/pdbbind/casf_dynaformer/3ryj/ligand.sdf,3ryj,7.8,-11.454388,7.8,-19.254387,19.254387
/xcfhome/zncao02/dataset_bap/test_set/pdbbind/casf_dynaformer/3uuo/protein.pdb,/xcfhome/zncao02/dataset_bap/test_set/pdbbind/casf_dynaformer/3uuo/ligand.sdf,3uuo,7.96,1.6893749,7.96,-6.270625,6.270625
/xcfhome/zncao02/dataset_bap/test_set/pdbbind/casf_dynaformer/2p4y/protein.pdb,/xcfhome/zncao02/dataset_bap/test_set/pdbbind/casf_dynaformer/2p4y/ligand.sdf,2p4y,9.0,-12.538662,9.0,-21.538662,21.538662
/xcfhome/zncao02/dataset_bap/test_set/pdbbind/casf_dynaformer/2w4x/protein.pdb,/xcfhome/zncao02/dataset_bap/test_set/pdbbind/casf_dynaformer/2w4x/ligand.sdf,2w4x,4.85,2.2536702,4.85,-2.5963297,2.5963297
/xcfhome/zncao02/dataset_bap/test_set/pdbbind/casf_dynaformer/4ciw/protein.pdb,/xcfhome/zncao02/dataset_bap/test_set/pdbbind/casf_dynaformer/4ciw/ligand.sdf,4ciw,4.82,-5.595312,4.82,-10.415312,10.415312
/xcfhome/zncao02/dataset_bap/test_set/pdbbind/casf_dynaformer/5c28/protein.pdb,/xcfhome/zncao02/dataset_bap/test_set/pdbbind/casf_dynaformer/5c28/ligand.sdf,5c28,5.66,1.7894869,5.66,-3.870513,3.870513
/xcfhome/zncao02/dataset_bap/test_set/pdbbind/casf_dynaformer/2zda/protein.pdb,/xcfhome/zncao02/dataset_bap/test_set/pdbbind/casf_dynaformer/2zda/ligand.sdf,2zda,8.4,-5.7589164,8.4,-14.158916,14.158916
/xcfhome/zncao02/dataset_bap/test_set/pdbbind/casf_dynaformer/3pyy/protein.pdb,/xcfhome/zncao02/dataset_bap/test_set/pdbbind/casf_dynaformer/3pyy/ligand.sdf,3pyy,6.86,-31.098433,6.86,-37.95843,37.95843
/xcfhome/zncao02/dataset_bap/test_set/pdbbind/casf_dynaformer/4gfm/protein.pdb,/xcfhome/zncao02/dataset_bap/test_set/pdbbind/casf_dynaformer/4gfm/ligand.sdf,4gfm,7.22,-15.969839,7.22,-23.189838,23.189838
/xcfhome/zncao02/dataset_bap/test_set/pdbbind/casf_dynaformer/3oe5/protein.pdb,/xcfhome/zncao02/dataset_bap/test_set/pdbbind/casf_dynaformer/3oe5/ligand.sdf,3oe5,6.88,-29.78175,6.88,-36.66175,36.66175
/xcfhome/zncao02/dataset_bap/test_set/pdbbind/casf_dynaformer/2cet/protein.pdb,/xcfhome/zncao02/dataset_bap/test_set/pdbbind/casf_dynaformer/2cet/ligand.sdf,2cet,8.02,11.727259,8.02,3.7072582,3.7072582
/xcfhome/zncao02/dataset_bap/test_set/pdbbind/casf_dynaformer/2ymd/protein.pdb,/xcfhome/zncao02/dataset_bap/test_set/pdbbind/casf_dynaformer/2ymd/ligand.sdf,2ymd,3.16,-12.57494,3.16,-15.73494,15.73494
/xcfhome/zncao02/dataset_bap/test_set/pdbbind/casf_dynaformer/4djv/protein.pdb,/xcfhome/zncao02/dataset_bap/test_set/pdbbind/casf_dynaformer/4djv/ligand.sdf,4djv,6.72,-6.3740067,6.72,-13.094007,13.094007
/xcfhome/zncao02/dataset_bap/test_set/pdbbind/casf_dynaformer/4kzq/protein.pdb,/xcfhome/zncao02/dataset_bap/test_set/pdbbind/casf_dynaformer/4kzq/ligand.sdf,4kzq,6.1,-7.6588573,6.1,-13.758858,13.758858
/xcfhome/zncao02/dataset_bap/test_set/pdbbind/casf_dynaformer/4ivb/protein.pdb,/xcfhome/zncao02/dataset_bap/test_set/pdbbind/casf_dynaformer/4ivb/ligand.sdf,4ivb,8.72,-19.357233,8.72,-28.077232,28.077232
/xcfhome/zncao02/dataset_bap/test_set/pdbbind/casf_dynaformer/1bcu/protein.pdb,/xcfhome/zncao02/dataset_bap/test_set/pdbbind/casf_dynaformer/1bcu/ligand.sdf,1bcu,3.28,-4.9082003,3.28,-8.1882,8.1882
/xcfhome/zncao02/dataset_bap/test_set/pdbbind/casf_dynaformer/3gc5/protein.pdb,/xcfhome/zncao02/dataset_bap/test_set/pdbbind/casf_dynaformer/3gc5/ligand.sdf,3gc5,7.26,2.7269716,7.26,-4.5330286,4.5330286
/xcfhome/zncao02/dataset_bap/test_set/pdbbind/casf_dynaformer/4cra/protein.pdb,/xcfhome/zncao02/dataset_bap/test_set/pdbbind/casf_dynaformer/4cra/ligand.sdf,4cra,7.22,-17.146864,7.22,-24.366863,24.366863
/xcfhome/zncao02/dataset_bap/test_set/pdbbind/casf_dynaformer/3d6q/protein.pdb,/xcfhome/zncao02/dataset_bap/test_set/pdbbind/casf_dynaformer/3d6q/ligand.sdf,3d6q,3.76,-4.460799,3.76,-8.220799,8.220799
/xcfhome/zncao02/dataset_bap/test_set/pdbbind/casf_dynaformer/4ddh/protein.pdb,/xcfhome/zncao02/dataset_bap/test_set/pdbbind/casf_dynaformer/4ddh/ligand.sdf,4ddh,3.32,2.0692127,3.32,-1.2507873,1.2507873
/xcfhome/zncao02/dataset_bap/test_set/pdbbind/casf_dynaformer/2br1/protein.pdb,/xcfhome/zncao02/dataset_bap/test_set/pdbbind/casf_dynaformer/2br1/ligand.sdf,2br1,5.14,-20.676006,5.14,-25.816006,25.816006
/xcfhome/zncao02/dataset_bap/test_set/pdbbind/casf_dynaformer/1p1q/protein.pdb,/xcfhome/zncao02/dataset_bap/test_set/pdbbind/casf_dynaformer/1p1q/ligand.sdf,1p1q,4.89,-2.4609299,4.89,-7.3509297,7.3509297
/xcfhome/zncao02/dataset_bap/test_set/pdbbind/casf_dynaformer/3tsk/protein.pdb,/xcfhome/zncao02/dataset_bap/test_set/pdbbind/casf_dynaformer/3tsk/ligand.sdf,3tsk,7.17,-3.64193,7.17,-10.81193,10.81193
/xcfhome/zncao02/dataset_bap/test_set/pdbbind/casf_dynaformer/3rr4/protein.pdb,/xcfhome/zncao02/dataset_bap/test_set/pdbbind/casf_dynaformer/3rr4/ligand.sdf,3rr4,4.55,-11.602285,4.55,-16.152287,16.152287
/xcfhome/zncao02/dataset_bap/test_set/pdbbind/casf_dynaformer/1w4o/protein.pdb,/xcfhome/zncao02/dataset_bap/test_set/pdbbind/casf_dynaformer/1w4o/ligand.sdf,1w4o,5.22,0.9364202,5.22,-4.28358,4.28358
/xcfhome/zncao02/dataset_bap/test_set/pdbbind/casf_dynaformer/3g31/protein.pdb,/xcfhome/zncao02/dataset_bap/test_set/pdbbind/casf_dynaformer/3g31/ligand.sdf,3g31,2.89,1.8136022,2.89,-1.0763979,1.0763979
/xcfhome/zncao02/dataset_bap/test_set/pdbbind/casf_dynaformer/3lka/protein.pdb,/xcfhome/zncao02/dataset_bap/test_set/pdbbind/casf_dynaformer/3lka/ligand.sdf,3lka,2.82,-3.935356,2.82,-6.755356,6.755356
/xcfhome/zncao02/dataset_bap/test_set/pdbbind/casf_dynaformer/4j28/protein.pdb,/xcfhome/zncao02/dataset_bap/test_set/pdbbind/casf_dynaformer/4j28/ligand.sdf,4j28,5.7,8.887003,5.7,3.1870031,3.1870031
/xcfhome/zncao02/dataset_bap/test_set/pdbbind/casf_dynaformer/1q8t/protein.pdb,/xcfhome/zncao02/dataset_bap/test_set/pdbbind/casf_dynaformer/1q8t/ligand.sdf,1q8t,4.76,-19.074118,4.76,-23.834118,23.834118
/xcfhome/zncao02/dataset_bap/test_set/pdbbind/casf_dynaformer/3g2n/protein.pdb,/xcfhome/zncao02/dataset_bap/test_set/pdbbind/casf_dynaformer/3g2n/ligand.sdf,3g2n,4.09,-3.5274477,4.09,-7.617448,7.617448
/xcfhome/zncao02/dataset_bap/test_set/pdbbind/casf_dynaformer/1uto/protein.pdb,/xcfhome/zncao02/dataset_bap/test_set/pdbbind/casf_dynaformer/1uto/ligand.sdf,1uto,2.27,0.87433517,2.27,-1.3956648,1.3956648
/xcfhome/zncao02/dataset_bap/test_set/pdbbind/casf_dynaformer/4ivd/protein.pdb,/xcfhome/zncao02/dataset_bap/test_set/pdbbind/casf_dynaformer/4ivd/ligand.sdf,4ivd,9.52,-21.727966,9.52,-31.247967,31.247967
/xcfhome/zncao02/dataset_bap/test_set/pdbbind/casf_dynaformer/3zso/protein.pdb,/xcfhome/zncao02/dataset_bap/test_set/pdbbind/casf_dynaformer/3zso/ligand.sdf,3zso,5.12,1.0015686,5.12,-4.118431,4.118431
/xcfhome/zncao02/dataset_bap/test_set/pdbbind/casf_dynaformer/3dxg/protein.pdb,/xcfhome/zncao02/dataset_bap/test_set/pdbbind/casf_dynaformer/3dxg/ligand.sdf,3dxg,2.4,-3.11798,2.4,-5.51798,5.51798
/xcfhome/zncao02/dataset_bap/test_set/pdbbind/casf_dynaformer/3jya/protein.pdb,/xcfhome/zncao02/dataset_bap/test_set/pdbbind/casf_dynaformer/3jya/ligand.sdf,3jya,6.89,-29.574863,6.89,-36.464863,36.464863
/xcfhome/zncao02/dataset_bap/test_set/pdbbind/casf_dynaformer/4de1/protein.pdb,/xcfhome/zncao02/dataset_bap/test_set/pdbbind/casf_dynaformer/4de1/ligand.sdf,4de1,5.96,-18.62497,5.96,-24.584969,24.584969
/xcfhome/zncao02/dataset_bap/test_set/pdbbind/casf_dynaformer/1q8u/protein.pdb,/xcfhome/zncao02/dataset_bap/test_set/pdbbind/casf_dynaformer/1q8u/ligand.sdf,1q8u,5.96,-11.87154,5.96,-17.83154,17.83154
/xcfhome/zncao02/dataset_bap/test_set/pdbbind/casf_dynaformer/3fcq/protein.pdb,/xcfhome/zncao02/dataset_bap/test_set/pdbbind/casf_dynaformer/3fcq/ligand.sdf,3fcq,2.77,1.74782,2.77,-1.02218,1.02218
/xcfhome/zncao02/dataset_bap/test_set/pdbbind/casf_dynaformer/3b5r/protein.pdb,/xcfhome/zncao02/dataset_bap/test_set/pdbbind/casf_dynaformer/3b5r/ligand.sdf,3b5r,8.77,-21.791306,8.77,-30.561306,30.561306
/xcfhome/zncao02/dataset_bap/test_set/pdbbind/casf_dynaformer/3nq9/protein.pdb,/xcfhome/zncao02/dataset_bap/test_set/pdbbind/casf_dynaformer/3nq9/ligand.sdf,3nq9,4.03,-1.0162578,4.03,-5.046258,5.046258
/xcfhome/zncao02/dataset_bap/test_set/pdbbind/casf_dynaformer/4de3/protein.pdb,/xcfhome/zncao02/dataset_bap/test_set/pdbbind/casf_dynaformer/4de3/ligand.sdf,4de3,5.52,-17.663704,5.52,-23.183704,23.183704
/xcfhome/zncao02/dataset_bap/test_set/pdbbind/casf_dynaformer/1h23/protein.pdb,/xcfhome/zncao02/dataset_bap/test_set/pdbbind/casf_dynaformer/1h23/ligand.sdf,1h23,8.35,-3.7503872,8.35,-12.100388,12.100388
/xcfhome/zncao02/dataset_bap/test_set/pdbbind/casf_dynaformer/2qbq/protein.pdb,/xcfhome/zncao02/dataset_bap/test_set/pdbbind/casf_dynaformer/2qbq/ligand.sdf,2qbq,7.44,-0.4739559,7.44,-7.913956,7.913956
/xcfhome/zncao02/dataset_bap/test_set/pdbbind/casf_dynaformer/3ozs/protein.pdb,/xcfhome/zncao02/dataset_bap/test_set/pdbbind/casf_dynaformer/3ozs/ligand.sdf,3ozs,5.33,-20.995304,5.33,-26.325304,26.325304
/xcfhome/zncao02/dataset_bap/test_set/pdbbind/casf_dynaformer/2qe4/protein.pdb,/xcfhome/zncao02/dataset_bap/test_set/pdbbind/casf_dynaformer/2qe4/ligand.sdf,2qe4,7.96,-15.234766,7.96,-23.194767,23.194767
/xcfhome/zncao02/dataset_bap/test_set/pdbbind/casf_dynaformer/3gbb/protein.pdb,/xcfhome/zncao02/dataset_bap/test_set/pdbbind/casf_dynaformer/3gbb/ligand.sdf,3gbb,6.9,0.38547444,6.9,-6.5145254,6.5145254
/xcfhome/zncao02/dataset_bap/test_set/pdbbind/casf_dynaformer/4cig/protein.pdb,/xcfhome/zncao02/dataset_bap/test_set/pdbbind/casf_dynaformer/4cig/ligand.sdf,4cig,3.67,0.2637081,3.67,-3.406292,3.406292
/xcfhome/zncao02/dataset_bap/test_set/pdbbind/casf_dynaformer/3mss/protein.pdb,/xcfhome/zncao02/dataset_bap/test_set/pdbbind/casf_dynaformer/3mss/ligand.sdf,3mss,4.66,-24.100338,4.66,-28.760338,28.760338
/xcfhome/zncao02/dataset_bap/test_set/pdbbind/casf_dynaformer/2brb/protein.pdb,/xcfhome/zncao02/dataset_bap/test_set/pdbbind/casf_dynaformer/2brb/ligand.sdf,2brb,4.86,-19.73683,4.86,-24.59683,24.59683
/xcfhome/zncao02/dataset_bap/test_set/pdbbind/casf_dynaformer/3uri/protein.pdb,/xcfhome/zncao02/dataset_bap/test_set/pdbbind/casf_dynaformer/3uri/ligand.sdf,3uri,9.0,-8.697839,9.0,-17.697838,17.697838
/xcfhome/zncao02/dataset_bap/test_set/pdbbind/casf_dynaformer/1z9g/protein.pdb,/xcfhome/zncao02/dataset_bap/test_set/pdbbind/casf_dynaformer/1z9g/ligand.sdf,1z9g,5.64,-5.183649,5.64,-10.823648,10.823648
/xcfhome/zncao02/dataset_bap/test_set/pdbbind/casf_dynaformer/3ehy/protein.pdb,/xcfhome/zncao02/dataset_bap/test_set/pdbbind/casf_dynaformer/3ehy/ligand.sdf,3ehy,5.85,-1.4660176,5.85,-7.3160176,7.3160176
/xcfhome/zncao02/dataset_bap/test_set/pdbbind/casf_dynaformer/3ozt/protein.pdb,/xcfhome/zncao02/dataset_bap/test_set/pdbbind/casf_dynaformer/3ozt/ligand.sdf,3ozt,4.13,-26.70694,4.13,-30.83694,30.83694
/xcfhome/zncao02/dataset_bap/test_set/pdbbind/casf_dynaformer/4jsz/protein.pdb,/xcfhome/zncao02/dataset_bap/test_set/pdbbind/casf_dynaformer/4jsz/ligand.sdf,4jsz,2.3,-3.9400282,2.3,-6.2400284,6.2400284
/xcfhome/zncao02/dataset_bap/test_set/pdbbind/casf_dynaformer/3prs/protein.pdb,/xcfhome/zncao02/dataset_bap/test_set/pdbbind/casf_dynaformer/3prs/ligand.sdf,3prs,7.82,-15.077632,7.82,-22.897633,22.897633
/xcfhome/zncao02/dataset_bap/test_set/pdbbind/casf_dynaformer/2iwx/protein.pdb,/xcfhome/zncao02/dataset_bap/test_set/pdbbind/casf_dynaformer/2iwx/ligand.sdf,2iwx,6.68,-14.428377,6.68,-21.108377,21.108377
/xcfhome/zncao02/dataset_bap/test_set/pdbbind/casf_dynaformer/4ty7/protein.pdb,/xcfhome/zncao02/dataset_bap/test_set/pdbbind/casf_dynaformer/4ty7/ligand.sdf,4ty7,9.52,-6.7775126,9.52,-16.297512,16.297512
/xcfhome/zncao02/dataset_bap/test_set/pdbbind/casf_dynaformer/3f3a/protein.pdb,/xcfhome/zncao02/dataset_bap/test_set/pdbbind/casf_dynaformer/3f3a/ligand.sdf,3f3a,4.19,-0.32732642,4.19,-4.5173264,4.5173264
/xcfhome/zncao02/dataset_bap/test_set/pdbbind/casf_dynaformer/2cbv/protein.pdb,/xcfhome/zncao02/dataset_bap/test_set/pdbbind/casf_dynaformer/2cbv/ligand.sdf,2cbv,5.48,14.596691,5.48,9.116692,9.116692
/xcfhome/zncao02/dataset_bap/test_set/pdbbind/casf_dynaformer/5a7b/protein.pdb,/xcfhome/zncao02/dataset_bap/test_set/pdbbind/casf_dynaformer/5a7b/ligand.sdf,5a7b,3.57,-22.58448,3.57,-26.15448,26.15448
/xcfhome/zncao02/dataset_bap/test_set/pdbbind/casf_dynaformer/3kwa/protein.pdb,/xcfhome/zncao02/dataset_bap/test_set/pdbbind/casf_dynaformer/3kwa/ligand.sdf,3kwa,4.08,4.229356,4.08,0.14935589,0.14935589
/xcfhome/zncao02/dataset_bap/test_set/pdbbind/casf_dynaformer/3syr/protein.pdb,/xcfhome/zncao02/dataset_bap/test_set/pdbbind/casf_dynaformer/3syr/ligand.sdf,3syr,5.1,-3.1846027,5.1,-8.284603,8.284603
/xcfhome/zncao02/dataset_bap/test_set/pdbbind/casf_dynaformer/1p1n/protein.pdb,/xcfhome/zncao02/dataset_bap/test_set/pdbbind/casf_dynaformer/1p1n/ligand.sdf,1p1n,6.8,-0.45855212,6.8,-7.2585526,7.2585526
/xcfhome/zncao02/dataset_bap/test_set/pdbbind/casf_dynaformer/2w66/protein.pdb,/xcfhome/zncao02/dataset_bap/test_set/pdbbind/casf_dynaformer/2w66/ligand.sdf,2w66,4.05,2.2649088,4.05,-1.7850914,1.7850914
/xcfhome/zncao02/dataset_bap/test_set/pdbbind/casf_dynaformer/4qac/protein.pdb,/xcfhome/zncao02/dataset_bap/test_set/pdbbind/casf_dynaformer/4qac/ligand.sdf,4qac,9.4,7.154232,9.4,-2.2457676,2.2457676
/xcfhome/zncao02/dataset_bap/test_set/pdbbind/casf_dynaformer/3pxf/protein.pdb,/xcfhome/zncao02/dataset_bap/test_set/pdbbind/casf_dynaformer/3pxf/ligand.sdf,3pxf,4.43,-9.708463,4.43,-14.138462,14.138462
/xcfhome/zncao02/dataset_bap/test_set/pdbbind/casf_dynaformer/2weg/protein.pdb,/xcfhome/zncao02/dataset_bap/test_set/pdbbind/casf_dynaformer/2weg/ligand.sdf,2weg,6.5,-8.104988,6.5,-14.604988,14.604988
/xcfhome/zncao02/dataset_bap/test_set/pdbbind/casf_dynaformer/1owh/protein.pdb,/xcfhome/zncao02/dataset_bap/test_set/pdbbind/casf_dynaformer/1owh/ligand.sdf,1owh,7.4,-2.4622173,7.4,-9.862217,9.862217
/xcfhome/zncao02/dataset_bap/test_set/pdbbind/casf_dynaformer/1qkt/protein.pdb,/xcfhome/zncao02/dataset_bap/test_set/pdbbind/casf_dynaformer/1qkt/ligand.sdf,1qkt,9.04,-5.401651,9.04,-14.44165,14.44165
/xcfhome/zncao02/dataset_bap/test_set/pdbbind/casf_dynaformer/2qbp/protein.pdb,/xcfhome/zncao02/dataset_bap/test_set/pdbbind/casf_dynaformer/2qbp/ligand.sdf,2qbp,8.4,-0.47586608,8.4,-8.875866,8.875866
/xcfhome/zncao02/dataset_bap/test_set/pdbbind/casf_dynaformer/4tmn/protein.pdb,/xcfhome/zncao02/dataset_bap/test_set/pdbbind/casf_dynaformer/4tmn/ligand.sdf,4tmn,10.17,-7.574071,10.17,-17.744072,17.744072
/xcfhome/zncao02/dataset_bap/test_set/pdbbind/casf_dynaformer/4kzu/protein.pdb,/xcfhome/zncao02/dataset_bap/test_set/pdbbind/casf_dynaformer/4kzu/ligand.sdf,4kzu,6.5,-6.811245,6.5,-13.311245,13.311245
/xcfhome/zncao02/dataset_bap/test_set/pdbbind/casf_dynaformer/4gkm/protein.pdb,/xcfhome/zncao02/dataset_bap/test_set/pdbbind/casf_dynaformer/4gkm/ligand.sdf,4gkm,5.17,-2.4304147,5.17,-7.6004148,7.6004148
/xcfhome/zncao02/dataset_bap/test_set/pdbbind/casf_dynaformer/4dld/protein.pdb,/xcfhome/zncao02/dataset_bap/test_set/pdbbind/casf_dynaformer/4dld/ligand.sdf,4dld,5.82,1.6739202,5.82,-4.14608,4.14608
/xcfhome/zncao02/dataset_bap/test_set/pdbbind/casf_dynaformer/3zdg/protein.pdb,/xcfhome/zncao02/dataset_bap/test_set/pdbbind/casf_dynaformer/3zdg/ligand.sdf,3zdg,7.1,3.1170726,7.1,-3.9829273,3.9829273
/xcfhome/zncao02/dataset_bap/test_set/pdbbind/casf_dynaformer/4eo8/protein.pdb,/xcfhome/zncao02/dataset_bap/test_set/pdbbind/casf_dynaformer/4eo8/ligand.sdf,4eo8,8.15,-0.9613532,8.15,-9.111353,9.111353
/xcfhome/zncao02/dataset_bap/test_set/pdbbind/casf_dynaformer/2xdl/protein.pdb,/xcfhome/zncao02/dataset_bap/test_set/pdbbind/casf_dynaformer/2xdl/ligand.sdf,2xdl,3.1,-8.593724,3.1,-11.693724,11.693724
/xcfhome/zncao02/dataset_bap/test_set/pdbbind/casf_dynaformer/3fv2/protein.pdb,/xcfhome/zncao02/dataset_bap/test_set/pdbbind/casf_dynaformer/3fv2/ligand.sdf,3fv2,8.11,-4.3372507,8.11,-12.44725,12.44725
/xcfhome/zncao02/dataset_bap/test_set/pdbbind/casf_dynaformer/3arq/protein.pdb,/xcfhome/zncao02/dataset_bap/test_set/pdbbind/casf_dynaformer/3arq/ligand.sdf,3arq,6.4,8.70551,6.4,2.30551,2.30551
/xcfhome/zncao02/dataset_bap/test_set/pdbbind/casf_dynaformer/1z6e/protein.pdb,/xcfhome/zncao02/dataset_bap/test_set/pdbbind/casf_dynaformer/1z6e/ligand.sdf,1z6e,9.72,-15.133348,9.72,-24.853348,24.853348
/xcfhome/zncao02/dataset_bap/test_set/pdbbind/casf_dynaformer/1y6r/protein.pdb,/xcfhome/zncao02/dataset_bap/test_set/pdbbind/casf_dynaformer/1y6r/ligand.sdf,1y6r,10.11,-17.843214,10.11,-27.953213,27.953213
/xcfhome/zncao02/dataset_bap/test_set/pdbbind/casf_dynaformer/3b68/protein.pdb,/xcfhome/zncao02/dataset_bap/test_set/pdbbind/casf_dynaformer/3b68/ligand.sdf,3b68,8.4,-29.406197,8.4,-37.8062,37.8062
/xcfhome/zncao02/dataset_bap/test_set/pdbbind/casf_dynaformer/1eby/protein.pdb,/xcfhome/zncao02/dataset_bap/test_set/pdbbind/casf_dynaformer/1eby/ligand.sdf,1eby,9.7,-35.49523,9.7,-45.195232,45.195232
/xcfhome/zncao02/dataset_bap/test_set/pdbbind/casf_dynaformer/3b27/protein.pdb,/xcfhome/zncao02/dataset_bap/test_set/pdbbind/casf_dynaformer/3b27/ligand.sdf,3b27,5.16,-12.360667,5.16,-17.520668,17.520668
/xcfhome/zncao02/dataset_bap/test_set/pdbbind/casf_dynaformer/2xii/protein.pdb,/xcfhome/zncao02/dataset_bap/test_set/pdbbind/casf_dynaformer/2xii/ligand.sdf,2xii,7.2,3.6679316,7.2,-3.5320683,3.5320683
/xcfhome/zncao02/dataset_bap/test_set/pdbbind/casf_dynaformer/4f09/protein.pdb,/xcfhome/zncao02/dataset_bap/test_set/pdbbind/casf_dynaformer/4f09/ligand.sdf,4f09,6.7,-19.478874,6.7,-26.178875,26.178875
/xcfhome/zncao02/dataset_bap/test_set/pdbbind/casf_dynaformer/4w9h/protein.pdb,/xcfhome/zncao02/dataset_bap/test_set/pdbbind/casf_dynaformer/4w9h/ligand.sdf,4w9h,6.73,-6.214257,6.73,-12.944257,12.944257
/xcfhome/zncao02/dataset_bap/test_set/pdbbind/casf_dynaformer/2zb1/protein.pdb,/xcfhome/zncao02/dataset_bap/test_set/pdbbind/casf_dynaformer/2zb1/ligand.sdf,2zb1,6.32,-19.9792,6.32,-26.2992,26.2992
/xcfhome/zncao02/dataset_bap/test_set/pdbbind/casf_dynaformer/2v00/protein.pdb,/xcfhome/zncao02/dataset_bap/test_set/pdbbind/casf_dynaformer/2v00/ligand.sdf,2v00,3.66,-3.6445181,3.66,-7.304518,7.304518
/xcfhome/zncao02/dataset_bap/test_set/pdbbind/casf_dynaformer/1ydr/protein.pdb,/xcfhome/zncao02/dataset_bap/test_set/pdbbind/casf_dynaformer/1ydr/ligand.sdf,1ydr,5.52,-22.42469,5.52,-27.94469,27.94469
/xcfhome/zncao02/dataset_bap/test_set/pdbbind/casf_dynaformer/2yki/protein.pdb,/xcfhome/zncao02/dataset_bap/test_set/pdbbind/casf_dynaformer/2yki/ligand.sdf,2yki,9.46,-29.415297,9.46,-38.875298,38.875298
/xcfhome/zncao02/dataset_bap/test_set/pdbbind/casf_dynaformer/4jia/protein.pdb,/xcfhome/zncao02/dataset_bap/test_set/pdbbind/casf_dynaformer/4jia/ligand.sdf,4jia,9.22,-34.616188,9.22,-43.83619,43.83619
/xcfhome/zncao02/dataset_bap/test_set/pdbbind/casf_dynaformer/3ui7/protein.pdb,/xcfhome/zncao02/dataset_bap/test_set/pdbbind/casf_dynaformer/3ui7/ligand.sdf,3ui7,9.0,1.9152718,9.0,-7.0847282,7.0847282
/xcfhome/zncao02/dataset_bap/test_set/pdbbind/casf_dynaformer/3rsx/protein.pdb,/xcfhome/zncao02/dataset_bap/test_set/pdbbind/casf_dynaformer/3rsx/ligand.sdf,3rsx,4.41,-1.4161962,4.41,-5.826196,5.826196
/xcfhome/zncao02/dataset_bap/test_set/pdbbind/casf_dynaformer/4e5w/protein.pdb,/xcfhome/zncao02/dataset_bap/test_set/pdbbind/casf_dynaformer/4e5w/ligand.sdf,4e5w,7.66,-20.567936,7.66,-28.227936,28.227936
/xcfhome/zncao02/dataset_bap/test_set/pdbbind/casf_dynaformer/3f3d/protein.pdb,/xcfhome/zncao02/dataset_bap/test_set/pdbbind/casf_dynaformer/3f3d/ligand.sdf,3f3d,7.16,-2.4196987,7.16,-9.579699,9.579699
/xcfhome/zncao02/dataset_bap/test_set/pdbbind/casf_dynaformer/3u8n/protein.pdb,/xcfhome/zncao02/dataset_bap/test_set/pdbbind/casf_dynaformer/3u8n/ligand.sdf,3u8n,10.17,-0.48341846,10.17,-10.653419,10.653419
/xcfhome/zncao02/dataset_bap/test_set/pdbbind/casf_dynaformer/3udh/protein.pdb,/xcfhome/zncao02/dataset_bap/test_set/pdbbind/casf_dynaformer/3udh/ligand.sdf,3udh,2.85,3.2316637,2.85,0.3816638,0.3816638
/xcfhome/zncao02/dataset_bap/test_set/pdbbind/casf_dynaformer/3r88/protein.pdb,/xcfhome/zncao02/dataset_bap/test_set/pdbbind/casf_dynaformer/3r88/ligand.sdf,3r88,4.82,3.014421,4.82,-1.8055792,1.8055792
/xcfhome/zncao02/dataset_bap/test_set/pdbbind/casf_dynaformer/5tmn/protein.pdb,/xcfhome/zncao02/dataset_bap/test_set/pdbbind/casf_dynaformer/5tmn/ligand.sdf,5tmn,8.04,-4.2136655,8.04,-12.253666,12.253666
/xcfhome/zncao02/dataset_bap/test_set/pdbbind/casf_dynaformer/2vkm/protein.pdb,/xcfhome/zncao02/dataset_bap/test_set/pdbbind/casf_dynaformer/2vkm/ligand.sdf,2vkm,8.74,-29.672768,8.74,-38.412766,38.412766
/xcfhome/zncao02/dataset_bap/test_set/pdbbind/casf_dynaformer/4eor/protein.pdb,/xcfhome/zncao02/dataset_bap/test_set/pdbbind/casf_dynaformer/4eor/ligand.sdf,4eor,6.3,-32.52788,6.3,-38.82788,38.82788
/xcfhome/zncao02/dataset_bap/test_set/pdbbind/casf_dynaformer/4ivc/protein.pdb,/xcfhome/zncao02/dataset_bap/test_set/pdbbind/casf_dynaformer/4ivc/ligand.sdf,4ivc,10.0,-20.869812,10.0,-30.869812,30.869812
/xcfhome/zncao02/dataset_bap/test_set/pdbbind/casf_dynaformer/4gr0/protein.pdb,/xcfhome/zncao02/dataset_bap/test_set/pdbbind/casf_dynaformer/4gr0/ligand.sdf,4gr0,9.55,-22.91132,9.55,-32.46132,32.46132
/xcfhome/zncao02/dataset_bap/test_set/pdbbind/casf_dynaformer/4ea2/protein.pdb,/xcfhome/zncao02/dataset_bap/test_set/pdbbind/casf_dynaformer/4ea2/ligand.sdf,4ea2,6.44,6.7424884,6.44,0.30248833,0.30248833
/xcfhome/zncao02/dataset_bap/test_set/pdbbind/casf_dynaformer/3b65/protein.pdb,/xcfhome/zncao02/dataset_bap/test_set/pdbbind/casf_dynaformer/3b65/ligand.sdf,3b65,9.27,-27.465048,9.27,-36.735046,36.735046
/xcfhome/zncao02/dataset_bap/test_set/pdbbind/casf_dynaformer/3e5a/protein.pdb,/xcfhome/zncao02/dataset_bap/test_set/pdbbind/casf_dynaformer/3e5a/ligand.sdf,3e5a,8.23,-30.462353,8.23,-38.692352,38.692352
/xcfhome/zncao02/dataset_bap/test_set/pdbbind/casf_dynaformer/3acw/protein.pdb,/xcfhome/zncao02/dataset_bap/test_set/pdbbind/casf_dynaformer/3acw/ligand.sdf,3acw,4.76,-12.601536,4.76,-17.361536,17.361536
/xcfhome/zncao02/dataset_bap/test_set/pdbbind/casf_dynaformer/4m0z/protein.pdb,/xcfhome/zncao02/dataset_bap/test_set/pdbbind/casf_dynaformer/4m0z/ligand.sdf,4m0z,5.19,-17.39851,5.19,-22.58851,22.58851
/xcfhome/zncao02/dataset_bap/test_set/pdbbind/casf_dynaformer/4ogj/protein.pdb,/xcfhome/zncao02/dataset_bap/test_set/pdbbind/casf_dynaformer/4ogj/ligand.sdf,4ogj,6.79,-12.788408,6.79,-19.578407,19.578407
/xcfhome/zncao02/dataset_bap/test_set/pdbbind/casf_dynaformer/3u8k/protein.pdb,/xcfhome/zncao02/dataset_bap/test_set/pdbbind/casf_dynaformer/3u8k/ligand.sdf,3u8k,8.66,-3.4040952,8.66,-12.064095,12.064095
/xcfhome/zncao02/dataset_bap/test_set/pdbbind/casf_dynaformer/3pww/protein.pdb,/xcfhome/zncao02/dataset_bap/test_set/pdbbind/casf_dynaformer/3pww/ligand.sdf,3pww,7.32,-8.673737,7.32,-15.993736,15.993736
/xcfhome/zncao02/dataset_bap/test_set/pdbbind/casf_dynaformer/3ary/protein.pdb,/xcfhome/zncao02/dataset_bap/test_set/pdbbind/casf_dynaformer/3ary/ligand.sdf,3ary,6.0,3.505746,6.0,-2.494254,2.494254
/xcfhome/zncao02/dataset_bap/test_set/pdbbind/casf_dynaformer/1o5b/protein.pdb,/xcfhome/zncao02/dataset_bap/test_set/pdbbind/casf_dynaformer/1o5b/ligand.sdf,1o5b,5.77,-0.8353816,5.77,-6.6053815,6.6053815
/xcfhome/zncao02/dataset_bap/test_set/pdbbind/casf_dynaformer/4llx/protein.pdb,/xcfhome/zncao02/dataset_bap/test_set/pdbbind/casf_dynaformer/4llx/ligand.sdf,4llx,2.89,0.1117692,2.89,-2.778231,2.778231
/xcfhome/zncao02/dataset_bap/test_set/pdbbind/casf_dynaformer/3n86/protein.pdb,/xcfhome/zncao02/dataset_bap/test_set/pdbbind/casf_dynaformer/3n86/ligand.sdf,3n86,5.64,-13.509143,5.64,-19.149143,19.149143
/xcfhome/zncao02/dataset_bap/test_set/pdbbind/casf_dynaformer/2zcq/protein.pdb,/xcfhome/zncao02/dataset_bap/test_set/pdbbind/casf_dynaformer/2zcq/ligand.sdf,2zcq,8.82,-4.1759353,8.82,-12.995935,12.995935
/xcfhome/zncao02/dataset_bap/test_set/pdbbind/casf_dynaformer/1oyt/protein.pdb,/xcfhome/zncao02/dataset_bap/test_set/pdbbind/casf_dynaformer/1oyt/ligand.sdf,1oyt,7.24,-1.4416469,7.24,-8.681646,8.681646
/xcfhome/zncao02/dataset_bap/test_set/pdbbind/casf_dynaformer/3nx7/protein.pdb,/xcfhome/zncao02/dataset_bap/test_set/pdbbind/casf_dynaformer/3nx7/ligand.sdf,3nx7,8.1,-6.329485,8.1,-14.429485,14.429485
/xcfhome/zncao02/dataset_bap/test_set/pdbbind/casf_dynaformer/3oe4/protein.pdb,/xcfhome/zncao02/dataset_bap/test_set/pdbbind/casf_dynaformer/3oe4/ligand.sdf,3oe4,7.47,-30.479088,7.47,-37.94909,37.94909
/xcfhome/zncao02/dataset_bap/test_set/pdbbind/casf_dynaformer/3dx2/protein.pdb,/xcfhome/zncao02/dataset_bap/test_set/pdbbind/casf_dynaformer/3dx2/ligand.sdf,3dx2,6.82,5.3624396,6.82,-1.4575605,1.4575605
/xcfhome/zncao02/dataset_bap/test_set/pdbbind/casf_dynaformer/4jfs/protein.pdb,/xcfhome/zncao02/dataset_bap/test_set/pdbbind/casf_dynaformer/4jfs/ligand.sdf,4jfs,5.27,8.701308,5.27,3.4313083,3.4313083
/xcfhome/zncao02/dataset_bap/test_set/pdbbind/casf_dynaformer/4wiv/protein.pdb,/xcfhome/zncao02/dataset_bap/test_set/pdbbind/casf_dynaformer/4wiv/ligand.sdf,4wiv,6.26,-9.338452,6.26,-15.598453,15.598453
/xcfhome/zncao02/dataset_bap/test_set/pdbbind/casf_dynaformer/4k18/protein.pdb,/xcfhome/zncao02/dataset_bap/test_set/pdbbind/casf_dynaformer/4k18/ligand.sdf,4k18,8.96,-36.355236,8.96,-45.315235,45.315235
/xcfhome/zncao02/dataset_bap/test_set/pdbbind/casf_dynaformer/3bgz/protein.pdb,/xcfhome/zncao02/dataset_bap/test_set/pdbbind/casf_dynaformer/3bgz/ligand.sdf,3bgz,6.26,-17.973616,6.26,-24.233616,24.233616
/xcfhome/zncao02/dataset_bap/test_set/pdbbind/casf_dynaformer/3gr2/protein.pdb,/xcfhome/zncao02/dataset_bap/test_set/pdbbind/casf_dynaformer/3gr2/ligand.sdf,3gr2,2.52,-7.9176874,2.52,-10.437687,10.437687
/xcfhome/zncao02/dataset_bap/test_set/pdbbind/casf_dynaformer/3fv1/protein.pdb,/xcfhome/zncao02/dataset_bap/test_set/pdbbind/casf_dynaformer/3fv1/ligand.sdf,3fv1,9.3,-1.1468159,9.3,-10.446816,10.446816
/xcfhome/zncao02/dataset_bap/test_set/pdbbind/casf_dynaformer/3e93/protein.pdb,/xcfhome/zncao02/dataset_bap/test_set/pdbbind/casf_dynaformer/3e93/ligand.sdf,3e93,8.85,-27.21835,8.85,-36.06835,36.06835
/xcfhome/zncao02/dataset_bap/test_set/pdbbind/casf_dynaformer/4dli/protein.pdb,/xcfhome/zncao02/dataset_bap/test_set/pdbbind/casf_dynaformer/4dli/ligand.sdf,4dli,5.62,-11.840201,5.62,-17.460201,17.460201
/xcfhome/zncao02/dataset_bap/test_set/pdbbind/casf_dynaformer/2xbv/protein.pdb,/xcfhome/zncao02/dataset_bap/test_set/pdbbind/casf_dynaformer/2xbv/ligand.sdf,2xbv,8.43,-7.8613567,8.43,-16.291357,16.291357
/xcfhome/zncao02/dataset_bap/test_set/pdbbind/casf_dynaformer/4k77/protein.pdb,/xcfhome/zncao02/dataset_bap/test_set/pdbbind/casf_dynaformer/4k77/ligand.sdf,4k77,6.63,-22.043354,6.63,-28.673355,28.673355
/xcfhome/zncao02/dataset_bap/test_set/pdbbind/casf_dynaformer/1sqa/protein.pdb,/xcfhome/zncao02/dataset_bap/test_set/pdbbind/casf_dynaformer/1sqa/ligand.sdf,1sqa,9.21,-3.4668832,9.21,-12.676884,12.676884
/xcfhome/zncao02/dataset_bap/test_set/pdbbind/casf_dynaformer/2pog/protein.pdb,/xcfhome/zncao02/dataset_bap/test_set/pdbbind/casf_dynaformer/2pog/ligand.sdf,2pog,9.54,-16.363602,9.54,-25.903603,25.903603
/xcfhome/zncao02/dataset_bap/test_set/pdbbind/casf_dynaformer/5dwr/protein.pdb,/xcfhome/zncao02/dataset_bap/test_set/pdbbind/casf_dynaformer/5dwr/ligand.sdf,5dwr,11.22,-33.887794,11.22,-45.107796,45.107796
/xcfhome/zncao02/dataset_bap/test_set/pdbbind/casf_dynaformer/3n76/protein.pdb,/xcfhome/zncao02/dataset_bap/test_set/pdbbind/casf_dynaformer/3n76/ligand.sdf,3n76,6.85,-14.313711,6.85,-21.163712,21.163712
/xcfhome/zncao02/dataset_bap/test_set/pdbbind/casf_dynaformer/3ivg/protein.pdb,/xcfhome/zncao02/dataset_bap/test_set/pdbbind/casf_dynaformer/3ivg/ligand.sdf,3ivg,4.3,-2.9412956,4.3,-7.241296,7.241296
/xcfhome/zncao02/dataset_bap/test_set/pdbbind/casf_dynaformer/2yfe/protein.pdb,/xcfhome/zncao02/dataset_bap/test_set/pdbbind/casf_dynaformer/2yfe/ligand.sdf,2yfe,6.63,-3.7945185,6.63,-10.424519,10.424519
/xcfhome/zncao02/dataset_bap/test_set/pdbbind/casf_dynaformer/4gid/protein.pdb,/xcfhome/zncao02/dataset_bap/test_set/pdbbind/casf_dynaformer/4gid/ligand.sdf,4gid,10.77,-31.503742,10.77,-42.273743,42.273743
/xcfhome/zncao02/dataset_bap/test_set/pdbbind/casf_dynaformer/2wca/protein.pdb,/xcfhome/zncao02/dataset_bap/test_set/pdbbind/casf_dynaformer/2wca/ligand.sdf,2wca,5.6,2.8461642,5.6,-2.7538357,2.7538357
/xcfhome/zncao02/dataset_bap/test_set/pdbbind/casf_dynaformer/3ag9/protein.pdb,/xcfhome/zncao02/dataset_bap/test_set/pdbbind/casf_dynaformer/3ag9/ligand.sdf,3ag9,8.05,-8.118241,8.05,-16.168242,16.168242
/xcfhome/zncao02/dataset_bap/test_set/pdbbind/casf_dynaformer/4owm/protein.pdb,/xcfhome/zncao02/dataset_bap/test_set/pdbbind/casf_dynaformer/4owm/ligand.sdf,4owm,2.96,0.39111122,2.96,-2.568889,2.568889
/xcfhome/zncao02/dataset_bap/test_set/pdbbind/casf_dynaformer/2wvt/protein.pdb,/xcfhome/zncao02/dataset_bap/test_set/pdbbind/casf_dynaformer/2wvt/ligand.sdf,2wvt,6.12,12.13009,6.12,6.01009,6.01009
/xcfhome/zncao02/dataset_bap/test_set/pdbbind/casf_dynaformer/2r9w/protein.pdb,/xcfhome/zncao02/dataset_bap/test_set/pdbbind/casf_dynaformer/2r9w/ligand.sdf,2r9w,5.1,3.0567377,5.1,-2.0432622,2.0432622
/xcfhome/zncao02/dataset_bap/test_set/pdbbind/casf_dynaformer/2p15/protein.pdb,/xcfhome/zncao02/dataset_bap/test_set/pdbbind/casf_dynaformer/2p15/ligand.sdf,2p15,10.3,-16.08815,10.3,-26.38815,26.38815
/xcfhome/zncao02/dataset_bap/test_set/pdbbind/casf_dynaformer/3p5o/protein.pdb,/xcfhome/zncao02/dataset_bap/test_set/pdbbind/casf_dynaformer/3p5o/ligand.sdf,3p5o,7.3,-20.237825,7.3,-27.537827,27.537827
/xcfhome/zncao02/dataset_bap/test_set/pdbbind/casf_dynaformer/2vvn/protein.pdb,/xcfhome/zncao02/dataset_bap/test_set/pdbbind/casf_dynaformer/2vvn/ligand.sdf,2vvn,7.3,7.9331656,7.3,0.63316536,0.63316536
/xcfhome/zncao02/dataset_bap/test_set/pdbbind/casf_dynaformer/2c3i/protein.pdb,/xcfhome/zncao02/dataset_bap/test_set/pdbbind/casf_dynaformer/2c3i/ligand.sdf,2c3i,7.6,-35.207935,7.6,-42.807934,42.807934
/xcfhome/zncao02/dataset_bap/test_set/pdbbind/casf_dynaformer/4w9l/protein.pdb,/xcfhome/zncao02/dataset_bap/test_set/pdbbind/casf_dynaformer/4w9l/ligand.sdf,4w9l,5.02,-3.3966198,5.02,-8.41662,8.41662
/xcfhome/zncao02/dataset_bap/test_set/pdbbind/casf_dynaformer/2wbg/protein.pdb,/xcfhome/zncao02/dataset_bap/test_set/pdbbind/casf_dynaformer/2wbg/ligand.sdf,2wbg,4.45,10.559353,4.45,6.109353,6.109353
/xcfhome/zncao02/dataset_bap/test_set/pdbbind/casf_dynaformer/1h22/protein.pdb,/xcfhome/zncao02/dataset_bap/test_set/pdbbind/casf_dynaformer/1h22/ligand.sdf,1h22,9.1,-3.1609182,9.1,-12.260919,12.260919
/xcfhome/zncao02/dataset_bap/test_set/pdbbind/casf_dynaformer/4crc/protein.pdb,/xcfhome/zncao02/dataset_bap/test_set/pdbbind/casf_dynaformer/4crc/ligand.sdf,4crc,8.72,-24.19421,8.72,-32.91421,32.91421
/xcfhome/zncao02/dataset_bap/test_set/pdbbind/casf_dynaformer/3b1m/protein.pdb,/xcfhome/zncao02/dataset_bap/test_set/pdbbind/casf_dynaformer/3b1m/ligand.sdf,3b1m,8.48,-26.506691,8.48,-34.98669,34.98669
/xcfhome/zncao02/dataset_bap/test_set/pdbbind/casf_dynaformer/4abg/protein.pdb,/xcfhome/zncao02/dataset_bap/test_set/pdbbind/casf_dynaformer/4abg/ligand.sdf,4abg,3.57,-3.535581,3.57,-7.1055813,7.1055813
/xcfhome/zncao02/dataset_bap/test_set/pdbbind/casf_dynaformer/4e6q/protein.pdb,/xcfhome/zncao02/dataset_bap/test_set/pdbbind/casf_dynaformer/4e6q/ligand.sdf,4e6q,8.36,-25.311197,8.36,-33.671196,33.671196
/xcfhome/zncao02/dataset_bap/test_set/pdbbind/casf_dynaformer/4w9i/protein.pdb,/xcfhome/zncao02/dataset_bap/test_set/pdbbind/casf_dynaformer/4w9i/ligand.sdf,4w9i,5.96,-4.3018694,5.96,-10.261869,10.261869
/xcfhome/zncao02/dataset_bap/test_set/pdbbind/casf_dynaformer/3aru/protein.pdb,/xcfhome/zncao02/dataset_bap/test_set/pdbbind/casf_dynaformer/3aru/ligand.sdf,3aru,3.22,4.1068096,3.22,0.8868096,0.8868096
/xcfhome/zncao02/dataset_bap/test_set/pdbbind/casf_dynaformer/4j21/protein.pdb,/xcfhome/zncao02/dataset_bap/test_set/pdbbind/casf_dynaformer/4j21/ligand.sdf,4j21,7.41,-4.8916883,7.41,-12.301688,12.301688
/xcfhome/zncao02/dataset_bap/test_set/pdbbind/casf_dynaformer/3myg/protein.pdb,/xcfhome/zncao02/dataset_bap/test_set/pdbbind/casf_dynaformer/3myg/ligand.sdf,3myg,10.7,-44.6416,10.7,-55.341602,55.341602
/xcfhome/zncao02/dataset_bap/test_set/pdbbind/casf_dynaformer/5aba/protein.pdb,/xcfhome/zncao02/dataset_bap/test_set/pdbbind/casf_dynaformer/5aba/ligand.sdf,5aba,2.98,-9.403885,2.98,-12.383884,12.383884
/xcfhome/zncao02/dataset_bap/test_set/pdbbind/casf_dynaformer/2xnb/protein.pdb,/xcfhome/zncao02/dataset_bap/test_set/pdbbind/casf_dynaformer/2xnb/ligand.sdf,2xnb,6.83,-32.47238,6.83,-39.302383,39.302383
/xcfhome/zncao02/dataset_bap/test_set/pdbbind/casf_dynaformer/3gnw/protein.pdb,/xcfhome/zncao02/dataset_bap/test_set/pdbbind/casf_dynaformer/3gnw/ligand.sdf,3gnw,9.1,-19.267687,9.1,-28.367687,28.367687
/xcfhome/zncao02/dataset_bap/test_set/pdbbind/casf_dynaformer/1c5z/protein.pdb,/xcfhome/zncao02/dataset_bap/test_set/pdbbind/casf_dynaformer/1c5z/ligand.sdf,1c5z,4.01,-4.1499424,4.01,-8.159943,8.159943
/xcfhome/zncao02/dataset_bap/test_set/pdbbind/casf_dynaformer/3wz8/protein.pdb,/xcfhome/zncao02/dataset_bap/test_set/pdbbind/casf_dynaformer/3wz8/ligand.sdf,3wz8,5.82,-20.247028,5.82,-26.067028,26.067028
/xcfhome/zncao02/dataset_bap/test_set/pdbbind/casf_dynaformer/4x6p/protein.pdb,/xcfhome/zncao02/dataset_bap/test_set/pdbbind/casf_dynaformer/4x6p/ligand.sdf,4x6p,8.3,-27.08609,8.3,-35.38609,35.38609
/xcfhome/zncao02/dataset_bap/test_set/pdbbind/casf_dynaformer/1o3f/protein.pdb,/xcfhome/zncao02/dataset_bap/test_set/pdbbind/casf_dynaformer/1o3f/ligand.sdf,1o3f,7.96,-1.9284985,7.96,-9.888498,9.888498
/xcfhome/zncao02/dataset_bap/test_set/pdbbind/casf_dynaformer/4w9c/protein.pdb,/xcfhome/zncao02/dataset_bap/test_set/pdbbind/casf_dynaformer/4w9c/ligand.sdf,4w9c,4.65,-1.3837972,4.65,-6.0337973,6.0337973
/xcfhome/zncao02/dataset_bap/test_set/pdbbind/casf_dynaformer/2zy1/protein.pdb,/xcfhome/zncao02/dataset_bap/test_set/pdbbind/casf_dynaformer/2zy1/ligand.sdf,2zy1,7.4,-7.7164764,7.4,-15.116476,15.116476
/xcfhome/zncao02/dataset_bap/test_set/pdbbind/casf_dynaformer/2y5h/protein.pdb,/xcfhome/zncao02/dataset_bap/test_set/pdbbind/casf_dynaformer/2y5h/ligand.sdf,2y5h,5.79,-2.4344397,5.79,-8.22444,8.22444
/xcfhome/zncao02/dataset_bap/test_set/pdbbind/casf_dynaformer/4de2/protein.pdb,/xcfhome/zncao02/dataset_bap/test_set/pdbbind/casf_dynaformer/4de2/ligand.sdf,4de2,4.12,-18.69887,4.12,-22.81887,22.81887
/xcfhome/zncao02/dataset_bap/test_set/pdbbind/casf_dynaformer/4pcs/protein.pdb,/xcfhome/zncao02/dataset_bap/test_set/pdbbind/casf_dynaformer/4pcs/ligand.sdf,4pcs,7.85,7.9421606,7.85,0.0921607,0.0921607
/xcfhome/zncao02/dataset_bap/test_set/pdbbind/casf_dynaformer/4j3l/protein.pdb,/xcfhome/zncao02/dataset_bap/test_set/pdbbind/casf_dynaformer/4j3l/ligand.sdf,4j3l,7.8,-7.3506813,7.8,-15.1506815,15.1506815
/xcfhome/zncao02/dataset_bap/test_set/pdbbind/casf_dynaformer/3arp/protein.pdb,/xcfhome/zncao02/dataset_bap/test_set/pdbbind/casf_dynaformer/3arp/ligand.sdf,3arp,7.15,-0.8041692,7.15,-7.9541693,7.9541693
/xcfhome/zncao02/dataset_bap/test_set/pdbbind/casf_dynaformer/1z95/protein.pdb,/xcfhome/zncao02/dataset_bap/test_set/pdbbind/casf_dynaformer/1z95/ligand.sdf,1z95,7.12,-30.991138,7.12,-38.111137,38.111137
/xcfhome/zncao02/dataset_bap/test_set/pdbbind/casf_dynaformer/3l7b/protein.pdb,/xcfhome/zncao02/dataset_bap/test_set/pdbbind/casf_dynaformer/3l7b/ligand.sdf,3l7b,2.4,-5.102007,2.4,-7.502007,7.502007
/xcfhome/zncao02/dataset_bap/test_set/pdbbind/casf_dynaformer/2wnc/protein.pdb,/xcfhome/zncao02/dataset_bap/test_set/pdbbind/casf_dynaformer/2wnc/ligand.sdf,2wnc,6.32,-3.358222,6.32,-9.678223,9.678223
/xcfhome/zncao02/dataset_bap/test_set/pdbbind/casf_dynaformer/2xb8/protein.pdb,/xcfhome/zncao02/dataset_bap/test_set/pdbbind/casf_dynaformer/2xb8/ligand.sdf,2xb8,7.59,-7.492567,7.59,-15.082567,15.082567
/xcfhome/zncao02/dataset_bap/test_set/pdbbind/casf_dynaformer/1o0h/protein.pdb,/xcfhome/zncao02/dataset_bap/test_set/pdbbind/casf_dynaformer/1o0h/ligand.sdf,1o0h,5.92,-0.1868968,5.92,-6.106897,6.106897
/xcfhome/zncao02/dataset_bap/test_set/pdbbind/casf_dynaformer/3ao4/protein.pdb,/xcfhome/zncao02/dataset_bap/test_set/pdbbind/casf_dynaformer/3ao4/ligand.sdf,3ao4,2.07,-12.753491,2.07,-14.823491,14.823491
/xcfhome/zncao02/dataset_bap/test_set/pdbbind/casf_dynaformer/3qqs/protein.pdb,/xcfhome/zncao02/dataset_bap/test_set/pdbbind/casf_dynaformer/3qqs/ligand.sdf,3qqs,5.82,-4.0058465,5.82,-9.825847,9.825847
/xcfhome/zncao02/dataset_bap/test_set/pdbbind/casf_dynaformer/2fvd/protein.pdb,/xcfhome/zncao02/dataset_bap/test_set/pdbbind/casf_dynaformer/2fvd/ligand.sdf,2fvd,8.52,-20.04553,8.52,-28.56553,28.56553
/xcfhome/zncao02/dataset_bap/test_set/pdbbind/casf_dynaformer/3f3c/protein.pdb,/xcfhome/zncao02/dataset_bap/test_set/pdbbind/casf_dynaformer/3f3c/ligand.sdf,3f3c,6.02,-4.5046,6.02,-10.5246,10.5246
/xcfhome/zncao02/dataset_bap/test_set/pdbbind/casf_dynaformer/3bv9/protein.pdb,/xcfhome/zncao02/dataset_bap/test_set/pdbbind/casf_dynaformer/3bv9/ligand.sdf,3bv9,5.36,-6.781889,5.36,-12.14189,12.14189
/xcfhome/zncao02/dataset_bap/test_set/pdbbind/casf_dynaformer/3d4z/protein.pdb,/xcfhome/zncao02/dataset_bap/test_set/pdbbind/casf_dynaformer/3d4z/ligand.sdf,3d4z,4.89,12.093906,4.89,7.2039065,7.2039065
/xcfhome/zncao02/dataset_bap/test_set/pdbbind/casf_dynaformer/3jvs/protein.pdb,/xcfhome/zncao02/dataset_bap/test_set/pdbbind/casf_dynaformer/3jvs/ligand.sdf,3jvs,6.54,-9.4109,6.54,-15.9509,15.9509
/xcfhome/zncao02/dataset_bap/test_set/pdbbind/casf_dynaformer/3rlr/protein.pdb,/xcfhome/zncao02/dataset_bap/test_set/pdbbind/casf_dynaformer/3rlr/ligand.sdf,3rlr,7.52,-13.12497,7.52,-20.64497,20.64497
/xcfhome/zncao02/dataset_bap/test_set/pdbbind/casf_dynaformer/4bkt/protein.pdb,/xcfhome/zncao02/dataset_bap/test_set/pdbbind/casf_dynaformer/4bkt/ligand.sdf,4bkt,3.62,8.04233,3.62,4.42233,4.42233
/xcfhome/zncao02/dataset_bap/test_set/pdbbind/casf_dynaformer/4ddk/protein.pdb,/xcfhome/zncao02/dataset_bap/test_set/pdbbind/casf_dynaformer/4ddk/ligand.sdf,4ddk,2.29,-1.1005942,2.29,-3.390594,3.390594
/xcfhome/zncao02/dataset_bap/test_set/pdbbind/casf_dynaformer/1gpn/protein.pdb,/xcfhome/zncao02/dataset_bap/test_set/pdbbind/casf_dynaformer/1gpn/ligand.sdf,1gpn,6.48,2.8591952,6.48,-3.6208048,3.6208048
/xcfhome/zncao02/dataset_bap/test_set/pdbbind/casf_dynaformer/3kgp/protein.pdb,/xcfhome/zncao02/dataset_bap/test_set/pdbbind/casf_dynaformer/3kgp/ligand.sdf,3kgp,2.57,0.8480757,2.57,-1.7219243,1.7219243
/xcfhome/zncao02/dataset_bap/test_set/pdbbind/casf_dynaformer/4eky/protein.pdb,/xcfhome/zncao02/dataset_bap/test_set/pdbbind/casf_dynaformer/4eky/ligand.sdf,4eky,3.52,-3.2870994,3.52,-6.8070993,6.8070993
/xcfhome/zncao02/dataset_bap/test_set/pdbbind/casf_dynaformer/4jxs/protein.pdb,/xcfhome/zncao02/dataset_bap/test_set/pdbbind/casf_dynaformer/4jxs/ligand.sdf,4jxs,4.74,-2.718819,4.74,-7.4588184,7.4588184
/xcfhome/zncao02/dataset_bap/test_set/pdbbind/casf_dynaformer/4mme/protein.pdb,/xcfhome/zncao02/dataset_bap/test_set/pdbbind/casf_dynaformer/4mme/ligand.sdf,4mme,6.5,0.08830738,6.5,-6.4116926,6.4116926
/xcfhome/zncao02/dataset_bap/test_set/pdbbind/casf_dynaformer/1e66/protein.pdb,/xcfhome/zncao02/dataset_bap/test_set/pdbbind/casf_dynaformer/1e66/ligand.sdf,1e66,9.89,11.337061,9.89,1.4470606,1.4470606
/xcfhome/zncao02/dataset_bap/test_set/pdbbind/casf_dynaformer/3gy4/protein.pdb,/xcfhome/zncao02/dataset_bap/test_set/pdbbind/casf_dynaformer/3gy4/ligand.sdf,3gy4,5.1,-4.891343,5.1,-9.991343,9.991343
/xcfhome/zncao02/dataset_bap/test_set/pdbbind/casf_dynaformer/4agp/protein.pdb,/xcfhome/zncao02/dataset_bap/test_set/pdbbind/casf_dynaformer/4agp/ligand.sdf,4agp,4.69,-15.050105,4.69,-19.740105,19.740105
/xcfhome/zncao02/dataset_bap/test_set/pdbbind/casf_dynaformer/3jvr/protein.pdb,/xcfhome/zncao02/dataset_bap/test_set/pdbbind/casf_dynaformer/3jvr/ligand.sdf,3jvr,5.72,-13.387566,5.72,-19.107565,19.107565
/xcfhome/zncao02/dataset_bap/test_set/pdbbind/casf_dynaformer/3dx1/protein.pdb,/xcfhome/zncao02/dataset_bap/test_set/pdbbind/casf_dynaformer/3dx1/ligand.sdf,3dx1,3.58,8.72628,3.58,5.1462803,5.1462803
/xcfhome/zncao02/dataset_bap/test_set/pdbbind/casf_dynaformer/3zt2/protein.pdb,/xcfhome/zncao02/dataset_bap/test_set/pdbbind/casf_dynaformer/3zt2/ligand.sdf,3zt2,2.84,0.525403,2.84,-2.314597,2.314597
/xcfhome/zncao02/dataset_bap/test_set/pdbbind/casf_dynaformer/1nc3/protein.pdb,/xcfhome/zncao02/dataset_bap/test_set/pdbbind/casf_dynaformer/1nc3/ligand.sdf,1nc3,5.0,-16.91279,5.0,-21.91279,21.91279
/xcfhome/zncao02/dataset_bap/test_set/pdbbind/casf_dynaformer/1syi/protein.pdb,/xcfhome/zncao02/dataset_bap/test_set/pdbbind/casf_dynaformer/1syi/ligand.sdf,1syi,5.44,-1.0688703,5.44,-6.50887,6.50887
/xcfhome/zncao02/dataset_bap/test_set/pdbbind/casf_dynaformer/4rfm/protein.pdb,/xcfhome/zncao02/dataset_bap/test_set/pdbbind/casf_dynaformer/4rfm/ligand.sdf,4rfm,10.05,-15.108571,10.05,-25.158571,25.158571
/xcfhome/zncao02/dataset_bap/test_set/pdbbind/casf_dynaformer/2vw5/protein.pdb,/xcfhome/zncao02/dataset_bap/test_set/pdbbind/casf_dynaformer/2vw5/ligand.sdf,2vw5,8.52,-4.1289835,8.52,-12.648984,12.648984
/xcfhome/zncao02/dataset_bap/test_set/pdbbind/casf_dynaformer/3ge7/protein.pdb,/xcfhome/zncao02/dataset_bap/test_set/pdbbind/casf_dynaformer/3ge7/ligand.sdf,3ge7,8.7,0.51647854,8.7,-8.183521,8.183521
/xcfhome/zncao02/dataset_bap/test_set/pdbbind/casf_dynaformer/3u5j/protein.pdb,/xcfhome/zncao02/dataset_bap/test_set/pdbbind/casf_dynaformer/3u5j/ligand.sdf,3u5j,5.61,-18.591795,5.61,-24.201796,24.201796
/xcfhome/zncao02/dataset_bap/test_set/pdbbind/casf_dynaformer/1vso/protein.pdb,/xcfhome/zncao02/dataset_bap/test_set/pdbbind/casf_dynaformer/1vso/ligand.sdf,1vso,4.72,2.2468467,4.72,-2.473153,2.473153
/xcfhome/zncao02/dataset_bap/test_set/pdbbind/casf_dynaformer/3uew/protein.pdb,/xcfhome/zncao02/dataset_bap/test_set/pdbbind/casf_dynaformer/3uew/ligand.sdf,3uew,6.31,-4.8290095,6.31,-11.139009,11.139009
/xcfhome/zncao02/dataset_bap/test_set/pdbbind/casf_dynaformer/2wtv/protein.pdb,/xcfhome/zncao02/dataset_bap/test_set/pdbbind/casf_dynaformer/2wtv/ligand.sdf,2wtv,8.74,-7.485092,8.74,-16.225092,16.225092
/xcfhome/zncao02/dataset_bap/test_set/pdbbind/casf_dynaformer/3arv/protein.pdb,/xcfhome/zncao02/dataset_bap/test_set/pdbbind/casf_dynaformer/3arv/ligand.sdf,3arv,5.64,7.1045465,5.64,1.4645467,1.4645467
/xcfhome/zncao02/dataset_bap/test_set/pdbbind/casf_dynaformer/2xys/protein.pdb,/xcfhome/zncao02/dataset_bap/test_set/pdbbind/casf_dynaformer/2xys/ligand.sdf,2xys,7.42,1.3391848,7.42,-6.0808153,6.0808153
/xcfhome/zncao02/dataset_bap/test_set/pdbbind/casf_dynaformer/2xj7/protein.pdb,/xcfhome/zncao02/dataset_bap/test_set/pdbbind/casf_dynaformer/2xj7/ligand.sdf,2xj7,6.66,4.545464,6.66,-2.1145358,2.1145358
/xcfhome/zncao02/dataset_bap/test_set/pdbbind/casf_dynaformer/4ih5/protein.pdb,/xcfhome/zncao02/dataset_bap/test_set/pdbbind/casf_dynaformer/4ih5/ligand.sdf,4ih5,4.11,-15.049498,4.11,-19.159498,19.159498
/xcfhome/zncao02/dataset_bap/test_set/pdbbind/casf_dynaformer/3u9q/protein.pdb,/xcfhome/zncao02/dataset_bap/test_set/pdbbind/casf_dynaformer/3u9q/ligand.sdf,3u9q,4.38,-1.3878031,4.38,-5.767803,5.767803
/xcfhome/zncao02/dataset_bap/test_set/pdbbind/casf_dynaformer/5c2h/protein.pdb,/xcfhome/zncao02/dataset_bap/test_set/pdbbind/casf_dynaformer/5c2h/ligand.sdf,5c2h,11.09,-5.4791355,11.09,-16.569136,16.569136
/xcfhome/zncao02/dataset_bap/test_set/pdbbind/casf_dynaformer/3kr8/protein.pdb,/xcfhome/zncao02/dataset_bap/test_set/pdbbind/casf_dynaformer/3kr8/ligand.sdf,3kr8,8.1,-0.77023983,8.1,-8.87024,8.87024
/xcfhome/zncao02/dataset_bap/test_set/pdbbind/casf_dynaformer/4mgd/protein.pdb,/xcfhome/zncao02/dataset_bap/test_set/pdbbind/casf_dynaformer/4mgd/ligand.sdf,4mgd,4.69,-26.275826,4.69,-30.965826,30.965826
/xcfhome/zncao02/dataset_bap/test_set/pdbbind/casf_dynaformer/3qgy/protein.pdb,/xcfhome/zncao02/dataset_bap/test_set/pdbbind/casf_dynaformer/3qgy/ligand.sdf,3qgy,7.8,-24.954102,7.8,-32.7541,32.7541
/xcfhome/zncao02/dataset_bap/test_set/pdbbind/casf_dynaformer/1pxn/protein.pdb,/xcfhome/zncao02/dataset_bap/test_set/pdbbind/casf_dynaformer/1pxn/ligand.sdf,1pxn,7.15,-29.979649,7.15,-37.12965,37.12965
/xcfhome/zncao02/dataset_bap/test_set/pdbbind/casf_dynaformer/2zcr/protein.pdb,/xcfhome/zncao02/dataset_bap/test_set/pdbbind/casf_dynaformer/2zcr/ligand.sdf,2zcr,6.87,-7.190469,6.87,-14.060469,14.060469
/xcfhome/zncao02/dataset_bap/test_set/pdbbind/casf_dynaformer/3fur/protein.pdb,/xcfhome/zncao02/dataset_bap/test_set/pdbbind/casf_dynaformer/3fur/ligand.sdf,3fur,8.0,-30.59871,8.0,-38.59871,38.59871
/xcfhome/zncao02/dataset_bap/test_set/pdbbind/casf_dynaformer/3gv9/protein.pdb,/xcfhome/zncao02/dataset_bap/test_set/pdbbind/casf_dynaformer/3gv9/ligand.sdf,3gv9,2.12,-2.5405445,2.12,-4.6605444,4.6605444
/xcfhome/zncao02/dataset_bap/test_set/pdbbind/casf_dynaformer/3g2z/protein.pdb,/xcfhome/zncao02/dataset_bap/test_set/pdbbind/casf_dynaformer/3g2z/ligand.sdf,3g2z,2.36,-8.946224,2.36,-11.306224,11.306224
/xcfhome/zncao02/dataset_bap/test_set/pdbbind/casf_dynaformer/3utu/protein.pdb,/xcfhome/zncao02/dataset_bap/test_set/pdbbind/casf_dynaformer/3utu/ligand.sdf,3utu,10.92,-7.092307,10.92,-18.012306,18.012306
/xcfhome/zncao02/dataset_bap/test_set/pdbbind/casf_dynaformer/4qd6/protein.pdb,/xcfhome/zncao02/dataset_bap/test_set/pdbbind/casf_dynaformer/4qd6/ligand.sdf,4qd6,8.64,-19.895151,8.64,-28.535152,28.535152
/xcfhome/zncao02/dataset_bap/test_set/pdbbind/casf_dynaformer/3f3e/protein.pdb,/xcfhome/zncao02/dataset_bap/test_set/pdbbind/casf_dynaformer/3f3e/ligand.sdf,3f3e,7.7,-2.6728306,7.7,-10.37283,10.37283
/xcfhome/zncao02/dataset_bap/test_set/pdbbind/casf_dynaformer/4agq/protein.pdb,/xcfhome/zncao02/dataset_bap/test_set/pdbbind/casf_dynaformer/4agq/ligand.sdf,4agq,5.01,-18.045109,5.01,-23.055109,23.055109
/xcfhome/zncao02/dataset_bap/test_set/pdbbind/casf_dynaformer/3n7a/protein.pdb,/xcfhome/zncao02/dataset_bap/test_set/pdbbind/casf_dynaformer/3n7a/ligand.sdf,3n7a,3.7,-5.738885,3.7,-9.438885,9.438885
/xcfhome/zncao02/dataset_bap/test_set/pdbbind/casf_dynaformer/3coy/protein.pdb,/xcfhome/zncao02/dataset_bap/test_set/pdbbind/casf_dynaformer/3coy/ligand.sdf,3coy,6.02,-16.846638,6.02,-22.866638,22.866638
/xcfhome/zncao02/dataset_bap/test_set/pdbbind/casf_dynaformer/3cj4/protein.pdb,/xcfhome/zncao02/dataset_bap/test_set/pdbbind/casf_dynaformer/3cj4/ligand.sdf,3cj4,6.51,-0.37378305,6.51,-6.8837833,6.8837833
/xcfhome/zncao02/dataset_bap/test_set/pdbbind/casf_dynaformer/4hge/protein.pdb,/xcfhome/zncao02/dataset_bap/test_set/pdbbind/casf_dynaformer/4hge/ligand.sdf,4hge,7.92,-34.375183,7.92,-42.29518,42.29518
/xcfhome/zncao02/dataset_bap/test_set/pdbbind/casf_dynaformer/3uex/protein.pdb,/xcfhome/zncao02/dataset_bap/test_set/pdbbind/casf_dynaformer/3uex/ligand.sdf,3uex,6.92,-4.251581,6.92,-11.171581,11.171581
/xcfhome/zncao02/dataset_bap/test_set/pdbbind/casf_dynaformer/3ebp/protein.pdb,/xcfhome/zncao02/dataset_bap/test_set/pdbbind/casf_dynaformer/3ebp/ligand.sdf,3ebp,5.91,3.0629635,5.91,-2.8470364,2.8470364
/xcfhome/zncao02/dataset_bap/test_set/pdbbind/casf_dynaformer/2yge/protein.pdb,/xcfhome/zncao02/dataset_bap/test_set/pdbbind/casf_dynaformer/2yge/ligand.sdf,2yge,5.06,-4.7147183,5.06,-9.774718,9.774718
/xcfhome/zncao02/dataset_bap/test_set/pdbbind/casf_dynaformer/3ueu/protein.pdb,/xcfhome/zncao02/dataset_bap/test_set/pdbbind/casf_dynaformer/3ueu/ligand.sdf,3ueu,5.24,-4.1132526,5.24,-9.353252,9.353252
/xcfhome/zncao02/dataset_bap/test_set/pdbbind/casf_dynaformer/2hb1/protein.pdb,/xcfhome/zncao02/dataset_bap/test_set/pdbbind/casf_dynaformer/2hb1/ligand.sdf,2hb1,3.8,1.8438988,3.8,-1.9561012,1.9561012
/xcfhome/zncao02/dataset_bap/test_set/pdbbind/casf_dynaformer/1u1b/protein.pdb,/xcfhome/zncao02/dataset_bap/test_set/pdbbind/casf_dynaformer/1u1b/ligand.sdf,1u1b,7.8,-4.0256205,7.8,-11.825621,11.825621
/xcfhome/zncao02/dataset_bap/test_set/pdbbind/casf_dynaformer/1ydt/protein.pdb,/xcfhome/zncao02/dataset_bap/test_set/pdbbind/casf_dynaformer/1ydt/ligand.sdf,1ydt,7.32,-31.621487,7.32,-38.941486,38.941486
/xcfhome/zncao02/dataset_bap/test_set/pdbbind/casf_dynaformer/1g2k/protein.pdb,/xcfhome/zncao02/dataset_bap/test_set/pdbbind/casf_dynaformer/1g2k/ligand.sdf,1g2k,7.96,-30.214981,7.96,-38.17498,38.17498
/xcfhome/zncao02/dataset_bap/test_set/pdbbind/casf_dynaformer/3uev/protein.pdb,/xcfhome/zncao02/dataset_bap/test_set/pdbbind/casf_dynaformer/3uev/ligand.sdf,3uev,5.89,-5.6955214,5.89,-11.585522,11.585522
/xcfhome/zncao02/dataset_bap/test_set/pdbbind/casf_dynaformer/3uo4/protein.pdb,/xcfhome/zncao02/dataset_bap/test_set/pdbbind/casf_dynaformer/3uo4/ligand.sdf,3uo4,6.52,-17.257608,6.52,-23.777609,23.777609
/xcfhome/zncao02/dataset_bap/test_set/pdbbind/casf_dynaformer/3dd0/protein.pdb,/xcfhome/zncao02/dataset_bap/test_set/pdbbind/casf_dynaformer/3dd0/ligand.sdf,3dd0,9.0,-10.291839,9.0,-19.29184,19.29184
/xcfhome/zncao02/dataset_bap/test_set/pdbbind/casf_dynaformer/1yc1/protein.pdb,/xcfhome/zncao02/dataset_bap/test_set/pdbbind/casf_dynaformer/1yc1/ligand.sdf,1yc1,6.17,-6.262834,6.17,-12.432835,12.432835
/xcfhome/zncao02/dataset_bap/test_set/pdbbind/casf_dynaformer/4kz6/protein.pdb,/xcfhome/zncao02/dataset_bap/test_set/pdbbind/casf_dynaformer/4kz6/ligand.sdf,4kz6,3.1,-0.14668798,3.1,-3.246688,3.246688
