receptor,ligand,name,pk
/xcfhome/zncao02/dataset_bap/test_set/pdbbind/casf_dynaformer/3coz/protein.pdb,/xcfhome/zncao02/dataset_bap/test_set/pdbbind/casf_dynaformer/3coz/ligand.sdf,3coz,5.57
/xcfhome/zncao02/dataset_bap/test_set/pdbbind/casf_dynaformer/1nc1/protein.pdb,/xcfhome/zncao02/dataset_bap/test_set/pdbbind/casf_dynaformer/1nc1/ligand.sdf,1nc1,6.12
/xcfhome/zncao02/dataset_bap/test_set/pdbbind/casf_dynaformer/4cr9/protein.pdb,/xcfhome/zncao02/dataset_bap/test_set/pdbbind/casf_dynaformer/4cr9/ligand.sdf,4cr9,4.10
/xcfhome/zncao02/dataset_bap/test_set/pdbbind/casf_dynaformer/2qnq/protein.pdb,/xcfhome/zncao02/dataset_bap/test_set/pdbbind/casf_dynaformer/2qnq/ligand.sdf,2qnq,6.11
/xcfhome/zncao02/dataset_bap/test_set/pdbbind/casf_dynaformer/1nvq/protein.pdb,/xcfhome/zncao02/dataset_bap/test_set/pdbbind/casf_dynaformer/1nvq/ligand.sdf,1nvq,8.25
/xcfhome/zncao02/dataset_bap/test_set/pdbbind/casf_dynaformer/1gpk/protein.pdb,/xcfhome/zncao02/dataset_bap/test_set/pdbbind/casf_dynaformer/1gpk/ligand.sdf,1gpk,5.37
/xcfhome/zncao02/dataset_bap/test_set/pdbbind/casf_dynaformer/3o9i/protein.pdb,/xcfhome/zncao02/dataset_bap/test_set/pdbbind/casf_dynaformer/3o9i/ligand.sdf,3o9i,11.82
/xcfhome/zncao02/dataset_bap/test_set/pdbbind/casf_dynaformer/3ejr/protein.pdb,/xcfhome/zncao02/dataset_bap/test_set/pdbbind/casf_dynaformer/3ejr/ligand.sdf,3ejr,8.57
/xcfhome/zncao02/dataset_bap/test_set/pdbbind/casf_dynaformer/4m0y/protein.pdb,/xcfhome/zncao02/dataset_bap/test_set/pdbbind/casf_dynaformer/4m0y/ligand.sdf,4m0y,6.46
/xcfhome/zncao02/dataset_bap/test_set/pdbbind/casf_dynaformer/3twp/protein.pdb,/xcfhome/zncao02/dataset_bap/test_set/pdbbind/casf_dynaformer/3twp/ligand.sdf,3twp,3.92
/xcfhome/zncao02/dataset_bap/test_set/pdbbind/casf_dynaformer/2wer/protein.pdb,/xcfhome/zncao02/dataset_bap/test_set/pdbbind/casf_dynaformer/2wer/ligand.sdf,2wer,7.05
/xcfhome/zncao02/dataset_bap/test_set/pdbbind/casf_dynaformer/1mq6/protein.pdb,/xcfhome/zncao02/dataset_bap/test_set/pdbbind/casf_dynaformer/1mq6/ligand.sdf,1mq6,11.15
/xcfhome/zncao02/dataset_bap/test_set/pdbbind/casf_dynaformer/3wtj/protein.pdb,/xcfhome/zncao02/dataset_bap/test_set/pdbbind/casf_dynaformer/3wtj/ligand.sdf,3wtj,6.53
/xcfhome/zncao02/dataset_bap/test_set/pdbbind/casf_dynaformer/4ih7/protein.pdb,/xcfhome/zncao02/dataset_bap/test_set/pdbbind/casf_dynaformer/4ih7/ligand.sdf,4ih7,5.24
/xcfhome/zncao02/dataset_bap/test_set/pdbbind/casf_dynaformer/4agn/protein.pdb,/xcfhome/zncao02/dataset_bap/test_set/pdbbind/casf_dynaformer/4agn/ligand.sdf,4agn,3.97
/xcfhome/zncao02/dataset_bap/test_set/pdbbind/casf_dynaformer/3g0w/protein.pdb,/xcfhome/zncao02/dataset_bap/test_set/pdbbind/casf_dynaformer/3g0w/ligand.sdf,3g0w,9.52
/xcfhome/zncao02/dataset_bap/test_set/pdbbind/casf_dynaformer/4f3c/protein.pdb,/xcfhome/zncao02/dataset_bap/test_set/pdbbind/casf_dynaformer/4f3c/ligand.sdf,4f3c,11.82
/xcfhome/zncao02/dataset_bap/test_set/pdbbind/casf_dynaformer/3e92/protein.pdb,/xcfhome/zncao02/dataset_bap/test_set/pdbbind/casf_dynaformer/3e92/ligand.sdf,3e92,8.00
/xcfhome/zncao02/dataset_bap/test_set/pdbbind/casf_dynaformer/2v7a/protein.pdb,/xcfhome/zncao02/dataset_bap/test_set/pdbbind/casf_dynaformer/2v7a/ligand.sdf,2v7a,8.30
/xcfhome/zncao02/dataset_bap/test_set/pdbbind/casf_dynaformer/1k1i/protein.pdb,/xcfhome/zncao02/dataset_bap/test_set/pdbbind/casf_dynaformer/1k1i/ligand.sdf,1k1i,6.58
/xcfhome/zncao02/dataset_bap/test_set/pdbbind/casf_dynaformer/1r5y/protein.pdb,/xcfhome/zncao02/dataset_bap/test_set/pdbbind/casf_dynaformer/1r5y/ligand.sdf,1r5y,6.46
/xcfhome/zncao02/dataset_bap/test_set/pdbbind/casf_dynaformer/4u4s/protein.pdb,/xcfhome/zncao02/dataset_bap/test_set/pdbbind/casf_dynaformer/4u4s/ligand.sdf,4u4s,2.92
/xcfhome/zncao02/dataset_bap/test_set/pdbbind/casf_dynaformer/3up2/protein.pdb,/xcfhome/zncao02/dataset_bap/test_set/pdbbind/casf_dynaformer/3up2/ligand.sdf,3up2,7.40
/xcfhome/zncao02/dataset_bap/test_set/pdbbind/casf_dynaformer/1bzc/protein.pdb,/xcfhome/zncao02/dataset_bap/test_set/pdbbind/casf_dynaformer/1bzc/ligand.sdf,1bzc,4.92
/xcfhome/zncao02/dataset_bap/test_set/pdbbind/casf_dynaformer/2qbr/protein.pdb,/xcfhome/zncao02/dataset_bap/test_set/pdbbind/casf_dynaformer/2qbr/ligand.sdf,2qbr,6.33
/xcfhome/zncao02/dataset_bap/test_set/pdbbind/casf_dynaformer/2x00/protein.pdb,/xcfhome/zncao02/dataset_bap/test_set/pdbbind/casf_dynaformer/2x00/ligand.sdf,2x00,11.33
/xcfhome/zncao02/dataset_bap/test_set/pdbbind/casf_dynaformer/4f2w/protein.pdb,/xcfhome/zncao02/dataset_bap/test_set/pdbbind/casf_dynaformer/4f2w/ligand.sdf,4f2w,11.30
/xcfhome/zncao02/dataset_bap/test_set/pdbbind/casf_dynaformer/4twp/protein.pdb,/xcfhome/zncao02/dataset_bap/test_set/pdbbind/casf_dynaformer/4twp/ligand.sdf,4twp,10.00
/xcfhome/zncao02/dataset_bap/test_set/pdbbind/casf_dynaformer/3nw9/protein.pdb,/xcfhome/zncao02/dataset_bap/test_set/pdbbind/casf_dynaformer/3nw9/ligand.sdf,3nw9,9.00
/xcfhome/zncao02/dataset_bap/test_set/pdbbind/casf_dynaformer/2j7h/protein.pdb,/xcfhome/zncao02/dataset_bap/test_set/pdbbind/casf_dynaformer/2j7h/ligand.sdf,2j7h,7.19
/xcfhome/zncao02/dataset_bap/test_set/pdbbind/casf_dynaformer/2al5/protein.pdb,/xcfhome/zncao02/dataset_bap/test_set/pdbbind/casf_dynaformer/2al5/ligand.sdf,2al5,8.40
/xcfhome/zncao02/dataset_bap/test_set/pdbbind/casf_dynaformer/4f9w/protein.pdb,/xcfhome/zncao02/dataset_bap/test_set/pdbbind/casf_dynaformer/4f9w/ligand.sdf,4f9w,6.94
/xcfhome/zncao02/dataset_bap/test_set/pdbbind/casf_dynaformer/2fxs/protein.pdb,/xcfhome/zncao02/dataset_bap/test_set/pdbbind/casf_dynaformer/2fxs/ligand.sdf,2fxs,6.06
/xcfhome/zncao02/dataset_bap/test_set/pdbbind/casf_dynaformer/2j78/protein.pdb,/xcfhome/zncao02/dataset_bap/test_set/pdbbind/casf_dynaformer/2j78/ligand.sdf,2j78,6.42
/xcfhome/zncao02/dataset_bap/test_set/pdbbind/casf_dynaformer/3k5v/protein.pdb,/xcfhome/zncao02/dataset_bap/test_set/pdbbind/casf_dynaformer/3k5v/ligand.sdf,3k5v,6.30
/xcfhome/zncao02/dataset_bap/test_set/pdbbind/casf_dynaformer/3zsx/protein.pdb,/xcfhome/zncao02/dataset_bap/test_set/pdbbind/casf_dynaformer/3zsx/ligand.sdf,3zsx,3.28
/xcfhome/zncao02/dataset_bap/test_set/pdbbind/casf_dynaformer/1s38/protein.pdb,/xcfhome/zncao02/dataset_bap/test_set/pdbbind/casf_dynaformer/1s38/ligand.sdf,1s38,5.15
/xcfhome/zncao02/dataset_bap/test_set/pdbbind/casf_dynaformer/4lzs/protein.pdb,/xcfhome/zncao02/dataset_bap/test_set/pdbbind/casf_dynaformer/4lzs/ligand.sdf,4lzs,4.80
/xcfhome/zncao02/dataset_bap/test_set/pdbbind/casf_dynaformer/1ps3/protein.pdb,/xcfhome/zncao02/dataset_bap/test_set/pdbbind/casf_dynaformer/1ps3/ligand.sdf,1ps3,2.28
/xcfhome/zncao02/dataset_bap/test_set/pdbbind/casf_dynaformer/1a30/protein.pdb,/xcfhome/zncao02/dataset_bap/test_set/pdbbind/casf_dynaformer/1a30/ligand.sdf,1a30,4.30
/xcfhome/zncao02/dataset_bap/test_set/pdbbind/casf_dynaformer/1qf1/protein.pdb,/xcfhome/zncao02/dataset_bap/test_set/pdbbind/casf_dynaformer/1qf1/ligand.sdf,1qf1,7.32
/xcfhome/zncao02/dataset_bap/test_set/pdbbind/casf_dynaformer/1lpg/protein.pdb,/xcfhome/zncao02/dataset_bap/test_set/pdbbind/casf_dynaformer/1lpg/ligand.sdf,1lpg,7.09
/xcfhome/zncao02/dataset_bap/test_set/pdbbind/casf_dynaformer/2wn9/protein.pdb,/xcfhome/zncao02/dataset_bap/test_set/pdbbind/casf_dynaformer/2wn9/ligand.sdf,2wn9,8.52
/xcfhome/zncao02/dataset_bap/test_set/pdbbind/casf_dynaformer/3ryj/protein.pdb,/xcfhome/zncao02/dataset_bap/test_set/pdbbind/casf_dynaformer/3ryj/ligand.sdf,3ryj,7.80
/xcfhome/zncao02/dataset_bap/test_set/pdbbind/casf_dynaformer/3uuo/protein.pdb,/xcfhome/zncao02/dataset_bap/test_set/pdbbind/casf_dynaformer/3uuo/ligand.sdf,3uuo,7.96
/xcfhome/zncao02/dataset_bap/test_set/pdbbind/casf_dynaformer/2p4y/protein.pdb,/xcfhome/zncao02/dataset_bap/test_set/pdbbind/casf_dynaformer/2p4y/ligand.sdf,2p4y,9.00
/xcfhome/zncao02/dataset_bap/test_set/pdbbind/casf_dynaformer/2w4x/protein.pdb,/xcfhome/zncao02/dataset_bap/test_set/pdbbind/casf_dynaformer/2w4x/ligand.sdf,2w4x,4.85
/xcfhome/zncao02/dataset_bap/test_set/pdbbind/casf_dynaformer/4ciw/protein.pdb,/xcfhome/zncao02/dataset_bap/test_set/pdbbind/casf_dynaformer/4ciw/ligand.sdf,4ciw,4.82
/xcfhome/zncao02/dataset_bap/test_set/pdbbind/casf_dynaformer/5c28/protein.pdb,/xcfhome/zncao02/dataset_bap/test_set/pdbbind/casf_dynaformer/5c28/ligand.sdf,5c28,5.66
/xcfhome/zncao02/dataset_bap/test_set/pdbbind/casf_dynaformer/2zda/protein.pdb,/xcfhome/zncao02/dataset_bap/test_set/pdbbind/casf_dynaformer/2zda/ligand.sdf,2zda,8.40
/xcfhome/zncao02/dataset_bap/test_set/pdbbind/casf_dynaformer/3pyy/protein.pdb,/xcfhome/zncao02/dataset_bap/test_set/pdbbind/casf_dynaformer/3pyy/ligand.sdf,3pyy,6.86
/xcfhome/zncao02/dataset_bap/test_set/pdbbind/casf_dynaformer/4gfm/protein.pdb,/xcfhome/zncao02/dataset_bap/test_set/pdbbind/casf_dynaformer/4gfm/ligand.sdf,4gfm,7.22
/xcfhome/zncao02/dataset_bap/test_set/pdbbind/casf_dynaformer/3oe5/protein.pdb,/xcfhome/zncao02/dataset_bap/test_set/pdbbind/casf_dynaformer/3oe5/ligand.sdf,3oe5,6.88
/xcfhome/zncao02/dataset_bap/test_set/pdbbind/casf_dynaformer/2cet/protein.pdb,/xcfhome/zncao02/dataset_bap/test_set/pdbbind/casf_dynaformer/2cet/ligand.sdf,2cet,8.02
/xcfhome/zncao02/dataset_bap/test_set/pdbbind/casf_dynaformer/2ymd/protein.pdb,/xcfhome/zncao02/dataset_bap/test_set/pdbbind/casf_dynaformer/2ymd/ligand.sdf,2ymd,3.16
/xcfhome/zncao02/dataset_bap/test_set/pdbbind/casf_dynaformer/4djv/protein.pdb,/xcfhome/zncao02/dataset_bap/test_set/pdbbind/casf_dynaformer/4djv/ligand.sdf,4djv,6.72
/xcfhome/zncao02/dataset_bap/test_set/pdbbind/casf_dynaformer/4kzq/protein.pdb,/xcfhome/zncao02/dataset_bap/test_set/pdbbind/casf_dynaformer/4kzq/ligand.sdf,4kzq,6.10
/xcfhome/zncao02/dataset_bap/test_set/pdbbind/casf_dynaformer/4ivb/protein.pdb,/xcfhome/zncao02/dataset_bap/test_set/pdbbind/casf_dynaformer/4ivb/ligand.sdf,4ivb,8.72
/xcfhome/zncao02/dataset_bap/test_set/pdbbind/casf_dynaformer/1bcu/protein.pdb,/xcfhome/zncao02/dataset_bap/test_set/pdbbind/casf_dynaformer/1bcu/ligand.sdf,1bcu,3.28
/xcfhome/zncao02/dataset_bap/test_set/pdbbind/casf_dynaformer/3gc5/protein.pdb,/xcfhome/zncao02/dataset_bap/test_set/pdbbind/casf_dynaformer/3gc5/ligand.sdf,3gc5,7.26
/xcfhome/zncao02/dataset_bap/test_set/pdbbind/casf_dynaformer/4cra/protein.pdb,/xcfhome/zncao02/dataset_bap/test_set/pdbbind/casf_dynaformer/4cra/ligand.sdf,4cra,7.22
/xcfhome/zncao02/dataset_bap/test_set/pdbbind/casf_dynaformer/3d6q/protein.pdb,/xcfhome/zncao02/dataset_bap/test_set/pdbbind/casf_dynaformer/3d6q/ligand.sdf,3d6q,3.76
/xcfhome/zncao02/dataset_bap/test_set/pdbbind/casf_dynaformer/4ddh/protein.pdb,/xcfhome/zncao02/dataset_bap/test_set/pdbbind/casf_dynaformer/4ddh/ligand.sdf,4ddh,3.32
/xcfhome/zncao02/dataset_bap/test_set/pdbbind/casf_dynaformer/2br1/protein.pdb,/xcfhome/zncao02/dataset_bap/test_set/pdbbind/casf_dynaformer/2br1/ligand.sdf,2br1,5.14
/xcfhome/zncao02/dataset_bap/test_set/pdbbind/casf_dynaformer/1p1q/protein.pdb,/xcfhome/zncao02/dataset_bap/test_set/pdbbind/casf_dynaformer/1p1q/ligand.sdf,1p1q,4.89
/xcfhome/zncao02/dataset_bap/test_set/pdbbind/casf_dynaformer/3tsk/protein.pdb,/xcfhome/zncao02/dataset_bap/test_set/pdbbind/casf_dynaformer/3tsk/ligand.sdf,3tsk,7.17
/xcfhome/zncao02/dataset_bap/test_set/pdbbind/casf_dynaformer/3rr4/protein.pdb,/xcfhome/zncao02/dataset_bap/test_set/pdbbind/casf_dynaformer/3rr4/ligand.sdf,3rr4,4.55
/xcfhome/zncao02/dataset_bap/test_set/pdbbind/casf_dynaformer/1w4o/protein.pdb,/xcfhome/zncao02/dataset_bap/test_set/pdbbind/casf_dynaformer/1w4o/ligand.sdf,1w4o,5.22
/xcfhome/zncao02/dataset_bap/test_set/pdbbind/casf_dynaformer/3g31/protein.pdb,/xcfhome/zncao02/dataset_bap/test_set/pdbbind/casf_dynaformer/3g31/ligand.sdf,3g31,2.89
/xcfhome/zncao02/dataset_bap/test_set/pdbbind/casf_dynaformer/3lka/protein.pdb,/xcfhome/zncao02/dataset_bap/test_set/pdbbind/casf_dynaformer/3lka/ligand.sdf,3lka,2.82
/xcfhome/zncao02/dataset_bap/test_set/pdbbind/casf_dynaformer/4j28/protein.pdb,/xcfhome/zncao02/dataset_bap/test_set/pdbbind/casf_dynaformer/4j28/ligand.sdf,4j28,5.70
/xcfhome/zncao02/dataset_bap/test_set/pdbbind/casf_dynaformer/1q8t/protein.pdb,/xcfhome/zncao02/dataset_bap/test_set/pdbbind/casf_dynaformer/1q8t/ligand.sdf,1q8t,4.76
/xcfhome/zncao02/dataset_bap/test_set/pdbbind/casf_dynaformer/3g2n/protein.pdb,/xcfhome/zncao02/dataset_bap/test_set/pdbbind/casf_dynaformer/3g2n/ligand.sdf,3g2n,4.09
/xcfhome/zncao02/dataset_bap/test_set/pdbbind/casf_dynaformer/1uto/protein.pdb,/xcfhome/zncao02/dataset_bap/test_set/pdbbind/casf_dynaformer/1uto/ligand.sdf,1uto,2.27
/xcfhome/zncao02/dataset_bap/test_set/pdbbind/casf_dynaformer/4ivd/protein.pdb,/xcfhome/zncao02/dataset_bap/test_set/pdbbind/casf_dynaformer/4ivd/ligand.sdf,4ivd,9.52
/xcfhome/zncao02/dataset_bap/test_set/pdbbind/casf_dynaformer/3zso/protein.pdb,/xcfhome/zncao02/dataset_bap/test_set/pdbbind/casf_dynaformer/3zso/ligand.sdf,3zso,5.12
/xcfhome/zncao02/dataset_bap/test_set/pdbbind/casf_dynaformer/3dxg/protein.pdb,/xcfhome/zncao02/dataset_bap/test_set/pdbbind/casf_dynaformer/3dxg/ligand.sdf,3dxg,2.40
/xcfhome/zncao02/dataset_bap/test_set/pdbbind/casf_dynaformer/3jya/protein.pdb,/xcfhome/zncao02/dataset_bap/test_set/pdbbind/casf_dynaformer/3jya/ligand.sdf,3jya,6.89
/xcfhome/zncao02/dataset_bap/test_set/pdbbind/casf_dynaformer/4de1/protein.pdb,/xcfhome/zncao02/dataset_bap/test_set/pdbbind/casf_dynaformer/4de1/ligand.sdf,4de1,5.96
/xcfhome/zncao02/dataset_bap/test_set/pdbbind/casf_dynaformer/1q8u/protein.pdb,/xcfhome/zncao02/dataset_bap/test_set/pdbbind/casf_dynaformer/1q8u/ligand.sdf,1q8u,5.96
/xcfhome/zncao02/dataset_bap/test_set/pdbbind/casf_dynaformer/3fcq/protein.pdb,/xcfhome/zncao02/dataset_bap/test_set/pdbbind/casf_dynaformer/3fcq/ligand.sdf,3fcq,2.77
/xcfhome/zncao02/dataset_bap/test_set/pdbbind/casf_dynaformer/3b5r/protein.pdb,/xcfhome/zncao02/dataset_bap/test_set/pdbbind/casf_dynaformer/3b5r/ligand.sdf,3b5r,8.77
/xcfhome/zncao02/dataset_bap/test_set/pdbbind/casf_dynaformer/3nq9/protein.pdb,/xcfhome/zncao02/dataset_bap/test_set/pdbbind/casf_dynaformer/3nq9/ligand.sdf,3nq9,4.03
/xcfhome/zncao02/dataset_bap/test_set/pdbbind/casf_dynaformer/4de3/protein.pdb,/xcfhome/zncao02/dataset_bap/test_set/pdbbind/casf_dynaformer/4de3/ligand.sdf,4de3,5.52
/xcfhome/zncao02/dataset_bap/test_set/pdbbind/casf_dynaformer/1h23/protein.pdb,/xcfhome/zncao02/dataset_bap/test_set/pdbbind/casf_dynaformer/1h23/ligand.sdf,1h23,8.35
/xcfhome/zncao02/dataset_bap/test_set/pdbbind/casf_dynaformer/2qbq/protein.pdb,/xcfhome/zncao02/dataset_bap/test_set/pdbbind/casf_dynaformer/2qbq/ligand.sdf,2qbq,7.44
/xcfhome/zncao02/dataset_bap/test_set/pdbbind/casf_dynaformer/3ozs/protein.pdb,/xcfhome/zncao02/dataset_bap/test_set/pdbbind/casf_dynaformer/3ozs/ligand.sdf,3ozs,5.33
/xcfhome/zncao02/dataset_bap/test_set/pdbbind/casf_dynaformer/2qe4/protein.pdb,/xcfhome/zncao02/dataset_bap/test_set/pdbbind/casf_dynaformer/2qe4/ligand.sdf,2qe4,7.96
/xcfhome/zncao02/dataset_bap/test_set/pdbbind/casf_dynaformer/3gbb/protein.pdb,/xcfhome/zncao02/dataset_bap/test_set/pdbbind/casf_dynaformer/3gbb/ligand.sdf,3gbb,6.90
/xcfhome/zncao02/dataset_bap/test_set/pdbbind/casf_dynaformer/4cig/protein.pdb,/xcfhome/zncao02/dataset_bap/test_set/pdbbind/casf_dynaformer/4cig/ligand.sdf,4cig,3.67
/xcfhome/zncao02/dataset_bap/test_set/pdbbind/casf_dynaformer/3mss/protein.pdb,/xcfhome/zncao02/dataset_bap/test_set/pdbbind/casf_dynaformer/3mss/ligand.sdf,3mss,4.66
/xcfhome/zncao02/dataset_bap/test_set/pdbbind/casf_dynaformer/2brb/protein.pdb,/xcfhome/zncao02/dataset_bap/test_set/pdbbind/casf_dynaformer/2brb/ligand.sdf,2brb,4.86
/xcfhome/zncao02/dataset_bap/test_set/pdbbind/casf_dynaformer/3uri/protein.pdb,/xcfhome/zncao02/dataset_bap/test_set/pdbbind/casf_dynaformer/3uri/ligand.sdf,3uri,9.00
/xcfhome/zncao02/dataset_bap/test_set/pdbbind/casf_dynaformer/1z9g/protein.pdb,/xcfhome/zncao02/dataset_bap/test_set/pdbbind/casf_dynaformer/1z9g/ligand.sdf,1z9g,5.64
/xcfhome/zncao02/dataset_bap/test_set/pdbbind/casf_dynaformer/3ehy/protein.pdb,/xcfhome/zncao02/dataset_bap/test_set/pdbbind/casf_dynaformer/3ehy/ligand.sdf,3ehy,5.85
/xcfhome/zncao02/dataset_bap/test_set/pdbbind/casf_dynaformer/3ozt/protein.pdb,/xcfhome/zncao02/dataset_bap/test_set/pdbbind/casf_dynaformer/3ozt/ligand.sdf,3ozt,4.13
/xcfhome/zncao02/dataset_bap/test_set/pdbbind/casf_dynaformer/4jsz/protein.pdb,/xcfhome/zncao02/dataset_bap/test_set/pdbbind/casf_dynaformer/4jsz/ligand.sdf,4jsz,2.30
/xcfhome/zncao02/dataset_bap/test_set/pdbbind/casf_dynaformer/3prs/protein.pdb,/xcfhome/zncao02/dataset_bap/test_set/pdbbind/casf_dynaformer/3prs/ligand.sdf,3prs,7.82
/xcfhome/zncao02/dataset_bap/test_set/pdbbind/casf_dynaformer/2iwx/protein.pdb,/xcfhome/zncao02/dataset_bap/test_set/pdbbind/casf_dynaformer/2iwx/ligand.sdf,2iwx,6.68
/xcfhome/zncao02/dataset_bap/test_set/pdbbind/casf_dynaformer/4ty7/protein.pdb,/xcfhome/zncao02/dataset_bap/test_set/pdbbind/casf_dynaformer/4ty7/ligand.sdf,4ty7,9.52
/xcfhome/zncao02/dataset_bap/test_set/pdbbind/casf_dynaformer/3f3a/protein.pdb,/xcfhome/zncao02/dataset_bap/test_set/pdbbind/casf_dynaformer/3f3a/ligand.sdf,3f3a,4.19
/xcfhome/zncao02/dataset_bap/test_set/pdbbind/casf_dynaformer/2cbv/protein.pdb,/xcfhome/zncao02/dataset_bap/test_set/pdbbind/casf_dynaformer/2cbv/ligand.sdf,2cbv,5.48
/xcfhome/zncao02/dataset_bap/test_set/pdbbind/casf_dynaformer/5a7b/protein.pdb,/xcfhome/zncao02/dataset_bap/test_set/pdbbind/casf_dynaformer/5a7b/ligand.sdf,5a7b,3.57
/xcfhome/zncao02/dataset_bap/test_set/pdbbind/casf_dynaformer/3kwa/protein.pdb,/xcfhome/zncao02/dataset_bap/test_set/pdbbind/casf_dynaformer/3kwa/ligand.sdf,3kwa,4.08
/xcfhome/zncao02/dataset_bap/test_set/pdbbind/casf_dynaformer/3syr/protein.pdb,/xcfhome/zncao02/dataset_bap/test_set/pdbbind/casf_dynaformer/3syr/ligand.sdf,3syr,5.10
/xcfhome/zncao02/dataset_bap/test_set/pdbbind/casf_dynaformer/1p1n/protein.pdb,/xcfhome/zncao02/dataset_bap/test_set/pdbbind/casf_dynaformer/1p1n/ligand.sdf,1p1n,6.80
/xcfhome/zncao02/dataset_bap/test_set/pdbbind/casf_dynaformer/2w66/protein.pdb,/xcfhome/zncao02/dataset_bap/test_set/pdbbind/casf_dynaformer/2w66/ligand.sdf,2w66,4.05
/xcfhome/zncao02/dataset_bap/test_set/pdbbind/casf_dynaformer/4qac/protein.pdb,/xcfhome/zncao02/dataset_bap/test_set/pdbbind/casf_dynaformer/4qac/ligand.sdf,4qac,9.40
/xcfhome/zncao02/dataset_bap/test_set/pdbbind/casf_dynaformer/3pxf/protein.pdb,/xcfhome/zncao02/dataset_bap/test_set/pdbbind/casf_dynaformer/3pxf/ligand.sdf,3pxf,4.43
/xcfhome/zncao02/dataset_bap/test_set/pdbbind/casf_dynaformer/2weg/protein.pdb,/xcfhome/zncao02/dataset_bap/test_set/pdbbind/casf_dynaformer/2weg/ligand.sdf,2weg,6.50
/xcfhome/zncao02/dataset_bap/test_set/pdbbind/casf_dynaformer/1owh/protein.pdb,/xcfhome/zncao02/dataset_bap/test_set/pdbbind/casf_dynaformer/1owh/ligand.sdf,1owh,7.40
/xcfhome/zncao02/dataset_bap/test_set/pdbbind/casf_dynaformer/1qkt/protein.pdb,/xcfhome/zncao02/dataset_bap/test_set/pdbbind/casf_dynaformer/1qkt/ligand.sdf,1qkt,9.04
/xcfhome/zncao02/dataset_bap/test_set/pdbbind/casf_dynaformer/2qbp/protein.pdb,/xcfhome/zncao02/dataset_bap/test_set/pdbbind/casf_dynaformer/2qbp/ligand.sdf,2qbp,8.40
/xcfhome/zncao02/dataset_bap/test_set/pdbbind/casf_dynaformer/4tmn/protein.pdb,/xcfhome/zncao02/dataset_bap/test_set/pdbbind/casf_dynaformer/4tmn/ligand.sdf,4tmn,10.17
/xcfhome/zncao02/dataset_bap/test_set/pdbbind/casf_dynaformer/4kzu/protein.pdb,/xcfhome/zncao02/dataset_bap/test_set/pdbbind/casf_dynaformer/4kzu/ligand.sdf,4kzu,6.50
/xcfhome/zncao02/dataset_bap/test_set/pdbbind/casf_dynaformer/4gkm/protein.pdb,/xcfhome/zncao02/dataset_bap/test_set/pdbbind/casf_dynaformer/4gkm/ligand.sdf,4gkm,5.17
/xcfhome/zncao02/dataset_bap/test_set/pdbbind/casf_dynaformer/4dld/protein.pdb,/xcfhome/zncao02/dataset_bap/test_set/pdbbind/casf_dynaformer/4dld/ligand.sdf,4dld,5.82
/xcfhome/zncao02/dataset_bap/test_set/pdbbind/casf_dynaformer/3zdg/protein.pdb,/xcfhome/zncao02/dataset_bap/test_set/pdbbind/casf_dynaformer/3zdg/ligand.sdf,3zdg,7.10
/xcfhome/zncao02/dataset_bap/test_set/pdbbind/casf_dynaformer/4eo8/protein.pdb,/xcfhome/zncao02/dataset_bap/test_set/pdbbind/casf_dynaformer/4eo8/ligand.sdf,4eo8,8.15
/xcfhome/zncao02/dataset_bap/test_set/pdbbind/casf_dynaformer/2xdl/protein.pdb,/xcfhome/zncao02/dataset_bap/test_set/pdbbind/casf_dynaformer/2xdl/ligand.sdf,2xdl,3.10
/xcfhome/zncao02/dataset_bap/test_set/pdbbind/casf_dynaformer/3fv2/protein.pdb,/xcfhome/zncao02/dataset_bap/test_set/pdbbind/casf_dynaformer/3fv2/ligand.sdf,3fv2,8.11
/xcfhome/zncao02/dataset_bap/test_set/pdbbind/casf_dynaformer/3arq/protein.pdb,/xcfhome/zncao02/dataset_bap/test_set/pdbbind/casf_dynaformer/3arq/ligand.sdf,3arq,6.40
/xcfhome/zncao02/dataset_bap/test_set/pdbbind/casf_dynaformer/1z6e/protein.pdb,/xcfhome/zncao02/dataset_bap/test_set/pdbbind/casf_dynaformer/1z6e/ligand.sdf,1z6e,9.72
/xcfhome/zncao02/dataset_bap/test_set/pdbbind/casf_dynaformer/1y6r/protein.pdb,/xcfhome/zncao02/dataset_bap/test_set/pdbbind/casf_dynaformer/1y6r/ligand.sdf,1y6r,10.11
/xcfhome/zncao02/dataset_bap/test_set/pdbbind/casf_dynaformer/3b68/protein.pdb,/xcfhome/zncao02/dataset_bap/test_set/pdbbind/casf_dynaformer/3b68/ligand.sdf,3b68,8.40
/xcfhome/zncao02/dataset_bap/test_set/pdbbind/casf_dynaformer/1eby/protein.pdb,/xcfhome/zncao02/dataset_bap/test_set/pdbbind/casf_dynaformer/1eby/ligand.sdf,1eby,9.70
/xcfhome/zncao02/dataset_bap/test_set/pdbbind/casf_dynaformer/3b27/protein.pdb,/xcfhome/zncao02/dataset_bap/test_set/pdbbind/casf_dynaformer/3b27/ligand.sdf,3b27,5.16
/xcfhome/zncao02/dataset_bap/test_set/pdbbind/casf_dynaformer/2xii/protein.pdb,/xcfhome/zncao02/dataset_bap/test_set/pdbbind/casf_dynaformer/2xii/ligand.sdf,2xii,7.20
/xcfhome/zncao02/dataset_bap/test_set/pdbbind/casf_dynaformer/4f09/protein.pdb,/xcfhome/zncao02/dataset_bap/test_set/pdbbind/casf_dynaformer/4f09/ligand.sdf,4f09,6.70
/xcfhome/zncao02/dataset_bap/test_set/pdbbind/casf_dynaformer/4w9h/protein.pdb,/xcfhome/zncao02/dataset_bap/test_set/pdbbind/casf_dynaformer/4w9h/ligand.sdf,4w9h,6.73
/xcfhome/zncao02/dataset_bap/test_set/pdbbind/casf_dynaformer/2zb1/protein.pdb,/xcfhome/zncao02/dataset_bap/test_set/pdbbind/casf_dynaformer/2zb1/ligand.sdf,2zb1,6.32
/xcfhome/zncao02/dataset_bap/test_set/pdbbind/casf_dynaformer/2v00/protein.pdb,/xcfhome/zncao02/dataset_bap/test_set/pdbbind/casf_dynaformer/2v00/ligand.sdf,2v00,3.66
/xcfhome/zncao02/dataset_bap/test_set/pdbbind/casf_dynaformer/1ydr/protein.pdb,/xcfhome/zncao02/dataset_bap/test_set/pdbbind/casf_dynaformer/1ydr/ligand.sdf,1ydr,5.52
/xcfhome/zncao02/dataset_bap/test_set/pdbbind/casf_dynaformer/2yki/protein.pdb,/xcfhome/zncao02/dataset_bap/test_set/pdbbind/casf_dynaformer/2yki/ligand.sdf,2yki,9.46
/xcfhome/zncao02/dataset_bap/test_set/pdbbind/casf_dynaformer/4jia/protein.pdb,/xcfhome/zncao02/dataset_bap/test_set/pdbbind/casf_dynaformer/4jia/ligand.sdf,4jia,9.22
/xcfhome/zncao02/dataset_bap/test_set/pdbbind/casf_dynaformer/3ui7/protein.pdb,/xcfhome/zncao02/dataset_bap/test_set/pdbbind/casf_dynaformer/3ui7/ligand.sdf,3ui7,9.00
/xcfhome/zncao02/dataset_bap/test_set/pdbbind/casf_dynaformer/3rsx/protein.pdb,/xcfhome/zncao02/dataset_bap/test_set/pdbbind/casf_dynaformer/3rsx/ligand.sdf,3rsx,4.41
/xcfhome/zncao02/dataset_bap/test_set/pdbbind/casf_dynaformer/4e5w/protein.pdb,/xcfhome/zncao02/dataset_bap/test_set/pdbbind/casf_dynaformer/4e5w/ligand.sdf,4e5w,7.66
/xcfhome/zncao02/dataset_bap/test_set/pdbbind/casf_dynaformer/3f3d/protein.pdb,/xcfhome/zncao02/dataset_bap/test_set/pdbbind/casf_dynaformer/3f3d/ligand.sdf,3f3d,7.16
/xcfhome/zncao02/dataset_bap/test_set/pdbbind/casf_dynaformer/3u8n/protein.pdb,/xcfhome/zncao02/dataset_bap/test_set/pdbbind/casf_dynaformer/3u8n/ligand.sdf,3u8n,10.17
/xcfhome/zncao02/dataset_bap/test_set/pdbbind/casf_dynaformer/3udh/protein.pdb,/xcfhome/zncao02/dataset_bap/test_set/pdbbind/casf_dynaformer/3udh/ligand.sdf,3udh,2.85
/xcfhome/zncao02/dataset_bap/test_set/pdbbind/casf_dynaformer/3r88/protein.pdb,/xcfhome/zncao02/dataset_bap/test_set/pdbbind/casf_dynaformer/3r88/ligand.sdf,3r88,4.82
/xcfhome/zncao02/dataset_bap/test_set/pdbbind/casf_dynaformer/5tmn/protein.pdb,/xcfhome/zncao02/dataset_bap/test_set/pdbbind/casf_dynaformer/5tmn/ligand.sdf,5tmn,8.04
/xcfhome/zncao02/dataset_bap/test_set/pdbbind/casf_dynaformer/2vkm/protein.pdb,/xcfhome/zncao02/dataset_bap/test_set/pdbbind/casf_dynaformer/2vkm/ligand.sdf,2vkm,8.74
/xcfhome/zncao02/dataset_bap/test_set/pdbbind/casf_dynaformer/4eor/protein.pdb,/xcfhome/zncao02/dataset_bap/test_set/pdbbind/casf_dynaformer/4eor/ligand.sdf,4eor,6.30
/xcfhome/zncao02/dataset_bap/test_set/pdbbind/casf_dynaformer/4ivc/protein.pdb,/xcfhome/zncao02/dataset_bap/test_set/pdbbind/casf_dynaformer/4ivc/ligand.sdf,4ivc,10.00
/xcfhome/zncao02/dataset_bap/test_set/pdbbind/casf_dynaformer/4gr0/protein.pdb,/xcfhome/zncao02/dataset_bap/test_set/pdbbind/casf_dynaformer/4gr0/ligand.sdf,4gr0,9.55
/xcfhome/zncao02/dataset_bap/test_set/pdbbind/casf_dynaformer/4ea2/protein.pdb,/xcfhome/zncao02/dataset_bap/test_set/pdbbind/casf_dynaformer/4ea2/ligand.sdf,4ea2,6.44
/xcfhome/zncao02/dataset_bap/test_set/pdbbind/casf_dynaformer/3b65/protein.pdb,/xcfhome/zncao02/dataset_bap/test_set/pdbbind/casf_dynaformer/3b65/ligand.sdf,3b65,9.27
/xcfhome/zncao02/dataset_bap/test_set/pdbbind/casf_dynaformer/3e5a/protein.pdb,/xcfhome/zncao02/dataset_bap/test_set/pdbbind/casf_dynaformer/3e5a/ligand.sdf,3e5a,8.23
/xcfhome/zncao02/dataset_bap/test_set/pdbbind/casf_dynaformer/3acw/protein.pdb,/xcfhome/zncao02/dataset_bap/test_set/pdbbind/casf_dynaformer/3acw/ligand.sdf,3acw,4.76
/xcfhome/zncao02/dataset_bap/test_set/pdbbind/casf_dynaformer/4m0z/protein.pdb,/xcfhome/zncao02/dataset_bap/test_set/pdbbind/casf_dynaformer/4m0z/ligand.sdf,4m0z,5.19
/xcfhome/zncao02/dataset_bap/test_set/pdbbind/casf_dynaformer/4ogj/protein.pdb,/xcfhome/zncao02/dataset_bap/test_set/pdbbind/casf_dynaformer/4ogj/ligand.sdf,4ogj,6.79
/xcfhome/zncao02/dataset_bap/test_set/pdbbind/casf_dynaformer/3u8k/protein.pdb,/xcfhome/zncao02/dataset_bap/test_set/pdbbind/casf_dynaformer/3u8k/ligand.sdf,3u8k,8.66
/xcfhome/zncao02/dataset_bap/test_set/pdbbind/casf_dynaformer/3pww/protein.pdb,/xcfhome/zncao02/dataset_bap/test_set/pdbbind/casf_dynaformer/3pww/ligand.sdf,3pww,7.32
/xcfhome/zncao02/dataset_bap/test_set/pdbbind/casf_dynaformer/3ary/protein.pdb,/xcfhome/zncao02/dataset_bap/test_set/pdbbind/casf_dynaformer/3ary/ligand.sdf,3ary,6.00
/xcfhome/zncao02/dataset_bap/test_set/pdbbind/casf_dynaformer/1o5b/protein.pdb,/xcfhome/zncao02/dataset_bap/test_set/pdbbind/casf_dynaformer/1o5b/ligand.sdf,1o5b,5.77
/xcfhome/zncao02/dataset_bap/test_set/pdbbind/casf_dynaformer/4llx/protein.pdb,/xcfhome/zncao02/dataset_bap/test_set/pdbbind/casf_dynaformer/4llx/ligand.sdf,4llx,2.89
/xcfhome/zncao02/dataset_bap/test_set/pdbbind/casf_dynaformer/3n86/protein.pdb,/xcfhome/zncao02/dataset_bap/test_set/pdbbind/casf_dynaformer/3n86/ligand.sdf,3n86,5.64
/xcfhome/zncao02/dataset_bap/test_set/pdbbind/casf_dynaformer/2zcq/protein.pdb,/xcfhome/zncao02/dataset_bap/test_set/pdbbind/casf_dynaformer/2zcq/ligand.sdf,2zcq,8.82
/xcfhome/zncao02/dataset_bap/test_set/pdbbind/casf_dynaformer/1oyt/protein.pdb,/xcfhome/zncao02/dataset_bap/test_set/pdbbind/casf_dynaformer/1oyt/ligand.sdf,1oyt,7.24
/xcfhome/zncao02/dataset_bap/test_set/pdbbind/casf_dynaformer/3nx7/protein.pdb,/xcfhome/zncao02/dataset_bap/test_set/pdbbind/casf_dynaformer/3nx7/ligand.sdf,3nx7,8.10
/xcfhome/zncao02/dataset_bap/test_set/pdbbind/casf_dynaformer/3oe4/protein.pdb,/xcfhome/zncao02/dataset_bap/test_set/pdbbind/casf_dynaformer/3oe4/ligand.sdf,3oe4,7.47
/xcfhome/zncao02/dataset_bap/test_set/pdbbind/casf_dynaformer/3dx2/protein.pdb,/xcfhome/zncao02/dataset_bap/test_set/pdbbind/casf_dynaformer/3dx2/ligand.sdf,3dx2,6.82
/xcfhome/zncao02/dataset_bap/test_set/pdbbind/casf_dynaformer/4jfs/protein.pdb,/xcfhome/zncao02/dataset_bap/test_set/pdbbind/casf_dynaformer/4jfs/ligand.sdf,4jfs,5.27
/xcfhome/zncao02/dataset_bap/test_set/pdbbind/casf_dynaformer/4wiv/protein.pdb,/xcfhome/zncao02/dataset_bap/test_set/pdbbind/casf_dynaformer/4wiv/ligand.sdf,4wiv,6.26
/xcfhome/zncao02/dataset_bap/test_set/pdbbind/casf_dynaformer/4k18/protein.pdb,/xcfhome/zncao02/dataset_bap/test_set/pdbbind/casf_dynaformer/4k18/ligand.sdf,4k18,8.96
/xcfhome/zncao02/dataset_bap/test_set/pdbbind/casf_dynaformer/3bgz/protein.pdb,/xcfhome/zncao02/dataset_bap/test_set/pdbbind/casf_dynaformer/3bgz/ligand.sdf,3bgz,6.26
/xcfhome/zncao02/dataset_bap/test_set/pdbbind/casf_dynaformer/3gr2/protein.pdb,/xcfhome/zncao02/dataset_bap/test_set/pdbbind/casf_dynaformer/3gr2/ligand.sdf,3gr2,2.52
/xcfhome/zncao02/dataset_bap/test_set/pdbbind/casf_dynaformer/3fv1/protein.pdb,/xcfhome/zncao02/dataset_bap/test_set/pdbbind/casf_dynaformer/3fv1/ligand.sdf,3fv1,9.30
/xcfhome/zncao02/dataset_bap/test_set/pdbbind/casf_dynaformer/3e93/protein.pdb,/xcfhome/zncao02/dataset_bap/test_set/pdbbind/casf_dynaformer/3e93/ligand.sdf,3e93,8.85
/xcfhome/zncao02/dataset_bap/test_set/pdbbind/casf_dynaformer/4dli/protein.pdb,/xcfhome/zncao02/dataset_bap/test_set/pdbbind/casf_dynaformer/4dli/ligand.sdf,4dli,5.62
/xcfhome/zncao02/dataset_bap/test_set/pdbbind/casf_dynaformer/2xbv/protein.pdb,/xcfhome/zncao02/dataset_bap/test_set/pdbbind/casf_dynaformer/2xbv/ligand.sdf,2xbv,8.43
/xcfhome/zncao02/dataset_bap/test_set/pdbbind/casf_dynaformer/4k77/protein.pdb,/xcfhome/zncao02/dataset_bap/test_set/pdbbind/casf_dynaformer/4k77/ligand.sdf,4k77,6.63
/xcfhome/zncao02/dataset_bap/test_set/pdbbind/casf_dynaformer/1sqa/protein.pdb,/xcfhome/zncao02/dataset_bap/test_set/pdbbind/casf_dynaformer/1sqa/ligand.sdf,1sqa,9.21
/xcfhome/zncao02/dataset_bap/test_set/pdbbind/casf_dynaformer/2pog/protein.pdb,/xcfhome/zncao02/dataset_bap/test_set/pdbbind/casf_dynaformer/2pog/ligand.sdf,2pog,9.54
/xcfhome/zncao02/dataset_bap/test_set/pdbbind/casf_dynaformer/5dwr/protein.pdb,/xcfhome/zncao02/dataset_bap/test_set/pdbbind/casf_dynaformer/5dwr/ligand.sdf,5dwr,11.22
/xcfhome/zncao02/dataset_bap/test_set/pdbbind/casf_dynaformer/3n76/protein.pdb,/xcfhome/zncao02/dataset_bap/test_set/pdbbind/casf_dynaformer/3n76/ligand.sdf,3n76,6.85
/xcfhome/zncao02/dataset_bap/test_set/pdbbind/casf_dynaformer/3ivg/protein.pdb,/xcfhome/zncao02/dataset_bap/test_set/pdbbind/casf_dynaformer/3ivg/ligand.sdf,3ivg,4.30
/xcfhome/zncao02/dataset_bap/test_set/pdbbind/casf_dynaformer/2yfe/protein.pdb,/xcfhome/zncao02/dataset_bap/test_set/pdbbind/casf_dynaformer/2yfe/ligand.sdf,2yfe,6.63
/xcfhome/zncao02/dataset_bap/test_set/pdbbind/casf_dynaformer/4gid/protein.pdb,/xcfhome/zncao02/dataset_bap/test_set/pdbbind/casf_dynaformer/4gid/ligand.sdf,4gid,10.77
/xcfhome/zncao02/dataset_bap/test_set/pdbbind/casf_dynaformer/2wca/protein.pdb,/xcfhome/zncao02/dataset_bap/test_set/pdbbind/casf_dynaformer/2wca/ligand.sdf,2wca,5.60
/xcfhome/zncao02/dataset_bap/test_set/pdbbind/casf_dynaformer/3ag9/protein.pdb,/xcfhome/zncao02/dataset_bap/test_set/pdbbind/casf_dynaformer/3ag9/ligand.sdf,3ag9,8.05
/xcfhome/zncao02/dataset_bap/test_set/pdbbind/casf_dynaformer/4owm/protein.pdb,/xcfhome/zncao02/dataset_bap/test_set/pdbbind/casf_dynaformer/4owm/ligand.sdf,4owm,2.96
/xcfhome/zncao02/dataset_bap/test_set/pdbbind/casf_dynaformer/2wvt/protein.pdb,/xcfhome/zncao02/dataset_bap/test_set/pdbbind/casf_dynaformer/2wvt/ligand.sdf,2wvt,6.12
/xcfhome/zncao02/dataset_bap/test_set/pdbbind/casf_dynaformer/2r9w/protein.pdb,/xcfhome/zncao02/dataset_bap/test_set/pdbbind/casf_dynaformer/2r9w/ligand.sdf,2r9w,5.10
/xcfhome/zncao02/dataset_bap/test_set/pdbbind/casf_dynaformer/2p15/protein.pdb,/xcfhome/zncao02/dataset_bap/test_set/pdbbind/casf_dynaformer/2p15/ligand.sdf,2p15,10.30
/xcfhome/zncao02/dataset_bap/test_set/pdbbind/casf_dynaformer/3p5o/protein.pdb,/xcfhome/zncao02/dataset_bap/test_set/pdbbind/casf_dynaformer/3p5o/ligand.sdf,3p5o,7.30
/xcfhome/zncao02/dataset_bap/test_set/pdbbind/casf_dynaformer/2vvn/protein.pdb,/xcfhome/zncao02/dataset_bap/test_set/pdbbind/casf_dynaformer/2vvn/ligand.sdf,2vvn,7.30
/xcfhome/zncao02/dataset_bap/test_set/pdbbind/casf_dynaformer/2c3i/protein.pdb,/xcfhome/zncao02/dataset_bap/test_set/pdbbind/casf_dynaformer/2c3i/ligand.sdf,2c3i,7.60
/xcfhome/zncao02/dataset_bap/test_set/pdbbind/casf_dynaformer/4w9l/protein.pdb,/xcfhome/zncao02/dataset_bap/test_set/pdbbind/casf_dynaformer/4w9l/ligand.sdf,4w9l,5.02
/xcfhome/zncao02/dataset_bap/test_set/pdbbind/casf_dynaformer/2wbg/protein.pdb,/xcfhome/zncao02/dataset_bap/test_set/pdbbind/casf_dynaformer/2wbg/ligand.sdf,2wbg,4.45
/xcfhome/zncao02/dataset_bap/test_set/pdbbind/casf_dynaformer/1h22/protein.pdb,/xcfhome/zncao02/dataset_bap/test_set/pdbbind/casf_dynaformer/1h22/ligand.sdf,1h22,9.10
/xcfhome/zncao02/dataset_bap/test_set/pdbbind/casf_dynaformer/4crc/protein.pdb,/xcfhome/zncao02/dataset_bap/test_set/pdbbind/casf_dynaformer/4crc/ligand.sdf,4crc,8.72
/xcfhome/zncao02/dataset_bap/test_set/pdbbind/casf_dynaformer/3b1m/protein.pdb,/xcfhome/zncao02/dataset_bap/test_set/pdbbind/casf_dynaformer/3b1m/ligand.sdf,3b1m,8.48
/xcfhome/zncao02/dataset_bap/test_set/pdbbind/casf_dynaformer/4abg/protein.pdb,/xcfhome/zncao02/dataset_bap/test_set/pdbbind/casf_dynaformer/4abg/ligand.sdf,4abg,3.57
/xcfhome/zncao02/dataset_bap/test_set/pdbbind/casf_dynaformer/4e6q/protein.pdb,/xcfhome/zncao02/dataset_bap/test_set/pdbbind/casf_dynaformer/4e6q/ligand.sdf,4e6q,8.36
/xcfhome/zncao02/dataset_bap/test_set/pdbbind/casf_dynaformer/4w9i/protein.pdb,/xcfhome/zncao02/dataset_bap/test_set/pdbbind/casf_dynaformer/4w9i/ligand.sdf,4w9i,5.96
/xcfhome/zncao02/dataset_bap/test_set/pdbbind/casf_dynaformer/3aru/protein.pdb,/xcfhome/zncao02/dataset_bap/test_set/pdbbind/casf_dynaformer/3aru/ligand.sdf,3aru,3.22
/xcfhome/zncao02/dataset_bap/test_set/pdbbind/casf_dynaformer/4j21/protein.pdb,/xcfhome/zncao02/dataset_bap/test_set/pdbbind/casf_dynaformer/4j21/ligand.sdf,4j21,7.41
/xcfhome/zncao02/dataset_bap/test_set/pdbbind/casf_dynaformer/3myg/protein.pdb,/xcfhome/zncao02/dataset_bap/test_set/pdbbind/casf_dynaformer/3myg/ligand.sdf,3myg,10.70
/xcfhome/zncao02/dataset_bap/test_set/pdbbind/casf_dynaformer/5aba/protein.pdb,/xcfhome/zncao02/dataset_bap/test_set/pdbbind/casf_dynaformer/5aba/ligand.sdf,5aba,2.98
/xcfhome/zncao02/dataset_bap/test_set/pdbbind/casf_dynaformer/2xnb/protein.pdb,/xcfhome/zncao02/dataset_bap/test_set/pdbbind/casf_dynaformer/2xnb/ligand.sdf,2xnb,6.83
/xcfhome/zncao02/dataset_bap/test_set/pdbbind/casf_dynaformer/3gnw/protein.pdb,/xcfhome/zncao02/dataset_bap/test_set/pdbbind/casf_dynaformer/3gnw/ligand.sdf,3gnw,9.10
/xcfhome/zncao02/dataset_bap/test_set/pdbbind/casf_dynaformer/1c5z/protein.pdb,/xcfhome/zncao02/dataset_bap/test_set/pdbbind/casf_dynaformer/1c5z/ligand.sdf,1c5z,4.01
/xcfhome/zncao02/dataset_bap/test_set/pdbbind/casf_dynaformer/3wz8/protein.pdb,/xcfhome/zncao02/dataset_bap/test_set/pdbbind/casf_dynaformer/3wz8/ligand.sdf,3wz8,5.82
/xcfhome/zncao02/dataset_bap/test_set/pdbbind/casf_dynaformer/4x6p/protein.pdb,/xcfhome/zncao02/dataset_bap/test_set/pdbbind/casf_dynaformer/4x6p/ligand.sdf,4x6p,8.30
/xcfhome/zncao02/dataset_bap/test_set/pdbbind/casf_dynaformer/1o3f/protein.pdb,/xcfhome/zncao02/dataset_bap/test_set/pdbbind/casf_dynaformer/1o3f/ligand.sdf,1o3f,7.96
/xcfhome/zncao02/dataset_bap/test_set/pdbbind/casf_dynaformer/4w9c/protein.pdb,/xcfhome/zncao02/dataset_bap/test_set/pdbbind/casf_dynaformer/4w9c/ligand.sdf,4w9c,4.65
/xcfhome/zncao02/dataset_bap/test_set/pdbbind/casf_dynaformer/2zy1/protein.pdb,/xcfhome/zncao02/dataset_bap/test_set/pdbbind/casf_dynaformer/2zy1/ligand.sdf,2zy1,7.40
/xcfhome/zncao02/dataset_bap/test_set/pdbbind/casf_dynaformer/2y5h/protein.pdb,/xcfhome/zncao02/dataset_bap/test_set/pdbbind/casf_dynaformer/2y5h/ligand.sdf,2y5h,5.79
/xcfhome/zncao02/dataset_bap/test_set/pdbbind/casf_dynaformer/4de2/protein.pdb,/xcfhome/zncao02/dataset_bap/test_set/pdbbind/casf_dynaformer/4de2/ligand.sdf,4de2,4.12
/xcfhome/zncao02/dataset_bap/test_set/pdbbind/casf_dynaformer/4pcs/protein.pdb,/xcfhome/zncao02/dataset_bap/test_set/pdbbind/casf_dynaformer/4pcs/ligand.sdf,4pcs,7.85
/xcfhome/zncao02/dataset_bap/test_set/pdbbind/casf_dynaformer/4j3l/protein.pdb,/xcfhome/zncao02/dataset_bap/test_set/pdbbind/casf_dynaformer/4j3l/ligand.sdf,4j3l,7.80
/xcfhome/zncao02/dataset_bap/test_set/pdbbind/casf_dynaformer/3arp/protein.pdb,/xcfhome/zncao02/dataset_bap/test_set/pdbbind/casf_dynaformer/3arp/ligand.sdf,3arp,7.15
/xcfhome/zncao02/dataset_bap/test_set/pdbbind/casf_dynaformer/1z95/protein.pdb,/xcfhome/zncao02/dataset_bap/test_set/pdbbind/casf_dynaformer/1z95/ligand.sdf,1z95,7.12
/xcfhome/zncao02/dataset_bap/test_set/pdbbind/casf_dynaformer/3l7b/protein.pdb,/xcfhome/zncao02/dataset_bap/test_set/pdbbind/casf_dynaformer/3l7b/ligand.sdf,3l7b,2.40
/xcfhome/zncao02/dataset_bap/test_set/pdbbind/casf_dynaformer/2wnc/protein.pdb,/xcfhome/zncao02/dataset_bap/test_set/pdbbind/casf_dynaformer/2wnc/ligand.sdf,2wnc,6.32
/xcfhome/zncao02/dataset_bap/test_set/pdbbind/casf_dynaformer/2xb8/protein.pdb,/xcfhome/zncao02/dataset_bap/test_set/pdbbind/casf_dynaformer/2xb8/ligand.sdf,2xb8,7.59
/xcfhome/zncao02/dataset_bap/test_set/pdbbind/casf_dynaformer/1o0h/protein.pdb,/xcfhome/zncao02/dataset_bap/test_set/pdbbind/casf_dynaformer/1o0h/ligand.sdf,1o0h,5.92
/xcfhome/zncao02/dataset_bap/test_set/pdbbind/casf_dynaformer/3ao4/protein.pdb,/xcfhome/zncao02/dataset_bap/test_set/pdbbind/casf_dynaformer/3ao4/ligand.sdf,3ao4,2.07
/xcfhome/zncao02/dataset_bap/test_set/pdbbind/casf_dynaformer/3qqs/protein.pdb,/xcfhome/zncao02/dataset_bap/test_set/pdbbind/casf_dynaformer/3qqs/ligand.sdf,3qqs,5.82
/xcfhome/zncao02/dataset_bap/test_set/pdbbind/casf_dynaformer/2fvd/protein.pdb,/xcfhome/zncao02/dataset_bap/test_set/pdbbind/casf_dynaformer/2fvd/ligand.sdf,2fvd,8.52
/xcfhome/zncao02/dataset_bap/test_set/pdbbind/casf_dynaformer/3f3c/protein.pdb,/xcfhome/zncao02/dataset_bap/test_set/pdbbind/casf_dynaformer/3f3c/ligand.sdf,3f3c,6.02
/xcfhome/zncao02/dataset_bap/test_set/pdbbind/casf_dynaformer/3bv9/protein.pdb,/xcfhome/zncao02/dataset_bap/test_set/pdbbind/casf_dynaformer/3bv9/ligand.sdf,3bv9,5.36
/xcfhome/zncao02/dataset_bap/test_set/pdbbind/casf_dynaformer/3d4z/protein.pdb,/xcfhome/zncao02/dataset_bap/test_set/pdbbind/casf_dynaformer/3d4z/ligand.sdf,3d4z,4.89
/xcfhome/zncao02/dataset_bap/test_set/pdbbind/casf_dynaformer/3jvs/protein.pdb,/xcfhome/zncao02/dataset_bap/test_set/pdbbind/casf_dynaformer/3jvs/ligand.sdf,3jvs,6.54
/xcfhome/zncao02/dataset_bap/test_set/pdbbind/casf_dynaformer/3rlr/protein.pdb,/xcfhome/zncao02/dataset_bap/test_set/pdbbind/casf_dynaformer/3rlr/ligand.sdf,3rlr,7.52
/xcfhome/zncao02/dataset_bap/test_set/pdbbind/casf_dynaformer/4bkt/protein.pdb,/xcfhome/zncao02/dataset_bap/test_set/pdbbind/casf_dynaformer/4bkt/ligand.sdf,4bkt,3.62
/xcfhome/zncao02/dataset_bap/test_set/pdbbind/casf_dynaformer/4ddk/protein.pdb,/xcfhome/zncao02/dataset_bap/test_set/pdbbind/casf_dynaformer/4ddk/ligand.sdf,4ddk,2.29
/xcfhome/zncao02/dataset_bap/test_set/pdbbind/casf_dynaformer/1gpn/protein.pdb,/xcfhome/zncao02/dataset_bap/test_set/pdbbind/casf_dynaformer/1gpn/ligand.sdf,1gpn,6.48
/xcfhome/zncao02/dataset_bap/test_set/pdbbind/casf_dynaformer/3kgp/protein.pdb,/xcfhome/zncao02/dataset_bap/test_set/pdbbind/casf_dynaformer/3kgp/ligand.sdf,3kgp,2.57
/xcfhome/zncao02/dataset_bap/test_set/pdbbind/casf_dynaformer/4eky/protein.pdb,/xcfhome/zncao02/dataset_bap/test_set/pdbbind/casf_dynaformer/4eky/ligand.sdf,4eky,3.52
/xcfhome/zncao02/dataset_bap/test_set/pdbbind/casf_dynaformer/4jxs/protein.pdb,/xcfhome/zncao02/dataset_bap/test_set/pdbbind/casf_dynaformer/4jxs/ligand.sdf,4jxs,4.74
/xcfhome/zncao02/dataset_bap/test_set/pdbbind/casf_dynaformer/4mme/protein.pdb,/xcfhome/zncao02/dataset_bap/test_set/pdbbind/casf_dynaformer/4mme/ligand.sdf,4mme,6.50
/xcfhome/zncao02/dataset_bap/test_set/pdbbind/casf_dynaformer/1e66/protein.pdb,/xcfhome/zncao02/dataset_bap/test_set/pdbbind/casf_dynaformer/1e66/ligand.sdf,1e66,9.89
/xcfhome/zncao02/dataset_bap/test_set/pdbbind/casf_dynaformer/3gy4/protein.pdb,/xcfhome/zncao02/dataset_bap/test_set/pdbbind/casf_dynaformer/3gy4/ligand.sdf,3gy4,5.10
/xcfhome/zncao02/dataset_bap/test_set/pdbbind/casf_dynaformer/4agp/protein.pdb,/xcfhome/zncao02/dataset_bap/test_set/pdbbind/casf_dynaformer/4agp/ligand.sdf,4agp,4.69
/xcfhome/zncao02/dataset_bap/test_set/pdbbind/casf_dynaformer/3jvr/protein.pdb,/xcfhome/zncao02/dataset_bap/test_set/pdbbind/casf_dynaformer/3jvr/ligand.sdf,3jvr,5.72
/xcfhome/zncao02/dataset_bap/test_set/pdbbind/casf_dynaformer/3dx1/protein.pdb,/xcfhome/zncao02/dataset_bap/test_set/pdbbind/casf_dynaformer/3dx1/ligand.sdf,3dx1,3.58
/xcfhome/zncao02/dataset_bap/test_set/pdbbind/casf_dynaformer/3zt2/protein.pdb,/xcfhome/zncao02/dataset_bap/test_set/pdbbind/casf_dynaformer/3zt2/ligand.sdf,3zt2,2.84
/xcfhome/zncao02/dataset_bap/test_set/pdbbind/casf_dynaformer/1nc3/protein.pdb,/xcfhome/zncao02/dataset_bap/test_set/pdbbind/casf_dynaformer/1nc3/ligand.sdf,1nc3,5.00
/xcfhome/zncao02/dataset_bap/test_set/pdbbind/casf_dynaformer/1syi/protein.pdb,/xcfhome/zncao02/dataset_bap/test_set/pdbbind/casf_dynaformer/1syi/ligand.sdf,1syi,5.44
/xcfhome/zncao02/dataset_bap/test_set/pdbbind/casf_dynaformer/4rfm/protein.pdb,/xcfhome/zncao02/dataset_bap/test_set/pdbbind/casf_dynaformer/4rfm/ligand.sdf,4rfm,10.05
/xcfhome/zncao02/dataset_bap/test_set/pdbbind/casf_dynaformer/2vw5/protein.pdb,/xcfhome/zncao02/dataset_bap/test_set/pdbbind/casf_dynaformer/2vw5/ligand.sdf,2vw5,8.52
/xcfhome/zncao02/dataset_bap/test_set/pdbbind/casf_dynaformer/3ge7/protein.pdb,/xcfhome/zncao02/dataset_bap/test_set/pdbbind/casf_dynaformer/3ge7/ligand.sdf,3ge7,8.70
/xcfhome/zncao02/dataset_bap/test_set/pdbbind/casf_dynaformer/3u5j/protein.pdb,/xcfhome/zncao02/dataset_bap/test_set/pdbbind/casf_dynaformer/3u5j/ligand.sdf,3u5j,5.61
/xcfhome/zncao02/dataset_bap/test_set/pdbbind/casf_dynaformer/1vso/protein.pdb,/xcfhome/zncao02/dataset_bap/test_set/pdbbind/casf_dynaformer/1vso/ligand.sdf,1vso,4.72
/xcfhome/zncao02/dataset_bap/test_set/pdbbind/casf_dynaformer/3uew/protein.pdb,/xcfhome/zncao02/dataset_bap/test_set/pdbbind/casf_dynaformer/3uew/ligand.sdf,3uew,6.31
/xcfhome/zncao02/dataset_bap/test_set/pdbbind/casf_dynaformer/2wtv/protein.pdb,/xcfhome/zncao02/dataset_bap/test_set/pdbbind/casf_dynaformer/2wtv/ligand.sdf,2wtv,8.74
/xcfhome/zncao02/dataset_bap/test_set/pdbbind/casf_dynaformer/3arv/protein.pdb,/xcfhome/zncao02/dataset_bap/test_set/pdbbind/casf_dynaformer/3arv/ligand.sdf,3arv,5.64
/xcfhome/zncao02/dataset_bap/test_set/pdbbind/casf_dynaformer/2xys/protein.pdb,/xcfhome/zncao02/dataset_bap/test_set/pdbbind/casf_dynaformer/2xys/ligand.sdf,2xys,7.42
/xcfhome/zncao02/dataset_bap/test_set/pdbbind/casf_dynaformer/2xj7/protein.pdb,/xcfhome/zncao02/dataset_bap/test_set/pdbbind/casf_dynaformer/2xj7/ligand.sdf,2xj7,6.66
/xcfhome/zncao02/dataset_bap/test_set/pdbbind/casf_dynaformer/4ih5/protein.pdb,/xcfhome/zncao02/dataset_bap/test_set/pdbbind/casf_dynaformer/4ih5/ligand.sdf,4ih5,4.11
/xcfhome/zncao02/dataset_bap/test_set/pdbbind/casf_dynaformer/3u9q/protein.pdb,/xcfhome/zncao02/dataset_bap/test_set/pdbbind/casf_dynaformer/3u9q/ligand.sdf,3u9q,4.38
/xcfhome/zncao02/dataset_bap/test_set/pdbbind/casf_dynaformer/5c2h/protein.pdb,/xcfhome/zncao02/dataset_bap/test_set/pdbbind/casf_dynaformer/5c2h/ligand.sdf,5c2h,11.09
/xcfhome/zncao02/dataset_bap/test_set/pdbbind/casf_dynaformer/3kr8/protein.pdb,/xcfhome/zncao02/dataset_bap/test_set/pdbbind/casf_dynaformer/3kr8/ligand.sdf,3kr8,8.10
/xcfhome/zncao02/dataset_bap/test_set/pdbbind/casf_dynaformer/4mgd/protein.pdb,/xcfhome/zncao02/dataset_bap/test_set/pdbbind/casf_dynaformer/4mgd/ligand.sdf,4mgd,4.69
/xcfhome/zncao02/dataset_bap/test_set/pdbbind/casf_dynaformer/3qgy/protein.pdb,/xcfhome/zncao02/dataset_bap/test_set/pdbbind/casf_dynaformer/3qgy/ligand.sdf,3qgy,7.80
/xcfhome/zncao02/dataset_bap/test_set/pdbbind/casf_dynaformer/1pxn/protein.pdb,/xcfhome/zncao02/dataset_bap/test_set/pdbbind/casf_dynaformer/1pxn/ligand.sdf,1pxn,7.15
/xcfhome/zncao02/dataset_bap/test_set/pdbbind/casf_dynaformer/2zcr/protein.pdb,/xcfhome/zncao02/dataset_bap/test_set/pdbbind/casf_dynaformer/2zcr/ligand.sdf,2zcr,6.87
/xcfhome/zncao02/dataset_bap/test_set/pdbbind/casf_dynaformer/3fur/protein.pdb,/xcfhome/zncao02/dataset_bap/test_set/pdbbind/casf_dynaformer/3fur/ligand.sdf,3fur,8.00
/xcfhome/zncao02/dataset_bap/test_set/pdbbind/casf_dynaformer/3gv9/protein.pdb,/xcfhome/zncao02/dataset_bap/test_set/pdbbind/casf_dynaformer/3gv9/ligand.sdf,3gv9,2.12
/xcfhome/zncao02/dataset_bap/test_set/pdbbind/casf_dynaformer/3g2z/protein.pdb,/xcfhome/zncao02/dataset_bap/test_set/pdbbind/casf_dynaformer/3g2z/ligand.sdf,3g2z,2.36
/xcfhome/zncao02/dataset_bap/test_set/pdbbind/casf_dynaformer/3utu/protein.pdb,/xcfhome/zncao02/dataset_bap/test_set/pdbbind/casf_dynaformer/3utu/ligand.sdf,3utu,10.92
/xcfhome/zncao02/dataset_bap/test_set/pdbbind/casf_dynaformer/4qd6/protein.pdb,/xcfhome/zncao02/dataset_bap/test_set/pdbbind/casf_dynaformer/4qd6/ligand.sdf,4qd6,8.64
/xcfhome/zncao02/dataset_bap/test_set/pdbbind/casf_dynaformer/3f3e/protein.pdb,/xcfhome/zncao02/dataset_bap/test_set/pdbbind/casf_dynaformer/3f3e/ligand.sdf,3f3e,7.70
/xcfhome/zncao02/dataset_bap/test_set/pdbbind/casf_dynaformer/4agq/protein.pdb,/xcfhome/zncao02/dataset_bap/test_set/pdbbind/casf_dynaformer/4agq/ligand.sdf,4agq,5.01
/xcfhome/zncao02/dataset_bap/test_set/pdbbind/casf_dynaformer/3n7a/protein.pdb,/xcfhome/zncao02/dataset_bap/test_set/pdbbind/casf_dynaformer/3n7a/ligand.sdf,3n7a,3.70
/xcfhome/zncao02/dataset_bap/test_set/pdbbind/casf_dynaformer/3coy/protein.pdb,/xcfhome/zncao02/dataset_bap/test_set/pdbbind/casf_dynaformer/3coy/ligand.sdf,3coy,6.02
/xcfhome/zncao02/dataset_bap/test_set/pdbbind/casf_dynaformer/3cj4/protein.pdb,/xcfhome/zncao02/dataset_bap/test_set/pdbbind/casf_dynaformer/3cj4/ligand.sdf,3cj4,6.51
/xcfhome/zncao02/dataset_bap/test_set/pdbbind/casf_dynaformer/4hge/protein.pdb,/xcfhome/zncao02/dataset_bap/test_set/pdbbind/casf_dynaformer/4hge/ligand.sdf,4hge,7.92
/xcfhome/zncao02/dataset_bap/test_set/pdbbind/casf_dynaformer/3uex/protein.pdb,/xcfhome/zncao02/dataset_bap/test_set/pdbbind/casf_dynaformer/3uex/ligand.sdf,3uex,6.92
/xcfhome/zncao02/dataset_bap/test_set/pdbbind/casf_dynaformer/3ebp/protein.pdb,/xcfhome/zncao02/dataset_bap/test_set/pdbbind/casf_dynaformer/3ebp/ligand.sdf,3ebp,5.91
/xcfhome/zncao02/dataset_bap/test_set/pdbbind/casf_dynaformer/2yge/protein.pdb,/xcfhome/zncao02/dataset_bap/test_set/pdbbind/casf_dynaformer/2yge/ligand.sdf,2yge,5.06
/xcfhome/zncao02/dataset_bap/test_set/pdbbind/casf_dynaformer/3ueu/protein.pdb,/xcfhome/zncao02/dataset_bap/test_set/pdbbind/casf_dynaformer/3ueu/ligand.sdf,3ueu,5.24
/xcfhome/zncao02/dataset_bap/test_set/pdbbind/casf_dynaformer/2hb1/protein.pdb,/xcfhome/zncao02/dataset_bap/test_set/pdbbind/casf_dynaformer/2hb1/ligand.sdf,2hb1,3.80
/xcfhome/zncao02/dataset_bap/test_set/pdbbind/casf_dynaformer/1u1b/protein.pdb,/xcfhome/zncao02/dataset_bap/test_set/pdbbind/casf_dynaformer/1u1b/ligand.sdf,1u1b,7.80
/xcfhome/zncao02/dataset_bap/test_set/pdbbind/casf_dynaformer/1ydt/protein.pdb,/xcfhome/zncao02/dataset_bap/test_set/pdbbind/casf_dynaformer/1ydt/ligand.sdf,1ydt,7.32
/xcfhome/zncao02/dataset_bap/test_set/pdbbind/casf_dynaformer/1g2k/protein.pdb,/xcfhome/zncao02/dataset_bap/test_set/pdbbind/casf_dynaformer/1g2k/ligand.sdf,1g2k,7.96
/xcfhome/zncao02/dataset_bap/test_set/pdbbind/casf_dynaformer/3uev/protein.pdb,/xcfhome/zncao02/dataset_bap/test_set/pdbbind/casf_dynaformer/3uev/ligand.sdf,3uev,5.89
/xcfhome/zncao02/dataset_bap/test_set/pdbbind/casf_dynaformer/3uo4/protein.pdb,/xcfhome/zncao02/dataset_bap/test_set/pdbbind/casf_dynaformer/3uo4/ligand.sdf,3uo4,6.52
/xcfhome/zncao02/dataset_bap/test_set/pdbbind/casf_dynaformer/3dd0/protein.pdb,/xcfhome/zncao02/dataset_bap/test_set/pdbbind/casf_dynaformer/3dd0/ligand.sdf,3dd0,9.00
/xcfhome/zncao02/dataset_bap/test_set/pdbbind/casf_dynaformer/1yc1/protein.pdb,/xcfhome/zncao02/dataset_bap/test_set/pdbbind/casf_dynaformer/1yc1/ligand.sdf,1yc1,6.17
/xcfhome/zncao02/dataset_bap/test_set/pdbbind/casf_dynaformer/4kz6/protein.pdb,/xcfhome/zncao02/dataset_bap/test_set/pdbbind/casf_dynaformer/4kz6/ligand.sdf,4kz6,3.10
